"product_name","product_url","product_price","product_time_ended","product_number_of_bids","product_duration","product_end_time","product_bidders","product_feedback_name","product_feedback_url"
"New ListingApple iPad Mini (5th Generation) 64GB, Wi-Fi, 7.9in - Space Gray","https://www.ebay.com/itm/Apple-iPad-Mini-5th-Generation-64GB-Wi-Fi-7-9in-Space-Gray/284208983824?epid=9030594179&hash=item422c2cef10%3Ag%3AV%7EoAAOSwww5gQuO7&LH_Auction=1&LH_ItemCondition=1000","$350.00","Mar-5 20:04","10 bids","7 days","5 Mar 2021 at 8:04:06pm PST","2","User ID
wildthang428 (
Feedback score
153)",""
"New ListingApple iPad Mini (5th Generation) 64GB, Wi-Fi, 7.9in - Space Gray","https://www.ebay.com/itm/Apple-iPad-Mini-5th-Generation-64GB-Wi-Fi-7-9in-Space-Gray/284208983824?epid=9030594179&hash=item422c2cef10%3Ag%3AV%7EoAAOSwww5gQuO7&LH_Auction=1&LH_ItemCondition=1000","$350.00","Mar-5 20:04","10 bids","7 days","5 Mar 2021 at 8:04:06pm PST","2","User ID
wildthang428 (
Feedback score
153
)",""
"New ListingApple iPad Mini (5th Generation) 64GB, Wi-Fi, 7.9in - Space Gray","https://www.ebay.com/itm/Apple-iPad-Mini-5th-Generation-64GB-Wi-Fi-7-9in-Space-Gray/284208983824?epid=9030594179&hash=item422c2cef10%3Ag%3AV%7EoAAOSwww5gQuO7&LH_Auction=1&LH_ItemCondition=1000","$350.00","Mar-5 20:04","10 bids","7 days","5 Mar 2021 at 8:04:06pm PST","2","User ID
wildthang428","https://www.ebay.com/usr/wildthang428"
"New ListingApple iPad Mini (5th Generation) 64GB, Wi-Fi, 7.9in - Space Gray","https://www.ebay.com/itm/Apple-iPad-Mini-5th-Generation-64GB-Wi-Fi-7-9in-Space-Gray/284208983824?epid=9030594179&hash=item422c2cef10%3Ag%3AV%7EoAAOSwww5gQuO7&LH_Auction=1&LH_ItemCondition=1000","$350.00","Mar-5 20:04","10 bids","7 days","5 Mar 2021 at 8:04:06pm PST","2","User ID","https://www.ebay.com/usr/wildthang428"
"New ListingApple iPad Mini (5th Generation) 64GB, Wi-Fi, 7.9in - Space Gray","https://www.ebay.com/itm/Apple-iPad-Mini-5th-Generation-64GB-Wi-Fi-7-9in-Space-Gray/284208983824?epid=9030594179&hash=item422c2cef10%3Ag%3AV%7EoAAOSwww5gQuO7&LH_Auction=1&LH_ItemCondition=1000","$350.00","Mar-5 20:04","10 bids","7 days","5 Mar 2021 at 8:04:06pm PST","2","Feedback score
153","http://feedback.ebay.com/ws/eBayISAPI.dll?ViewFeedback2&userid=wildthang428&ftab=AllFeedback&myworld=true&rt=nc&_trksid=p2545226.m2531.l4585"
"New ListingApple iPad Mini (5th Generation) 64GB, Wi-Fi, 7.9in - Space Gray","https://www.ebay.com/itm/Apple-iPad-Mini-5th-Generation-64GB-Wi-Fi-7-9in-Space-Gray/284208983824?epid=9030594179&hash=item422c2cef10%3Ag%3AV%7EoAAOSwww5gQuO7&LH_Auction=1&LH_ItemCondition=1000","$350.00","Mar-5 20:04","10 bids","7 days","5 Mar 2021 at 8:04:06pm PST","2","Feedback score","http://feedback.ebay.com/ws/eBayISAPI.dll?ViewFeedback2&userid=wildthang428&ftab=AllFeedback&myworld=true&rt=nc&_trksid=p2545226.m2531.l4585"
"New ListingApple iPad Mini (5th Generation) 64GB, Wi-Fi, 7.9in - Space Gray","https://www.ebay.com/itm/Apple-iPad-Mini-5th-Generation-64GB-Wi-Fi-7-9in-Space-Gray/284208983824?epid=9030594179&hash=item422c2cef10%3Ag%3AV%7EoAAOSwww5gQuO7&LH_Auction=1&LH_ItemCondition=1000","$350.00","Mar-5 20:04","10 bids","7 days","5 Mar 2021 at 8:04:06pm PST","2","100% positive feedback",""
"Apple iPad Mini (5th Generation) 64GB, Wi-Fi, 7.9in - Silver + Free Bonus!!!","https://www.ebay.com/itm/Apple-iPad-Mini-5th-Generation-64GB-Wi-Fi-7-9in-Silver-Free-Bonus/224366741442?hash=item343d4cc7c2%3Ag%3ASsQAAOSwne1f2NSh&LH_Auction=1&LH_ItemCondition=1000","$355.00","Mar-5 11:55","24 bids","","","","",""
"Apple iPad Mini (5th Generation) 64GB, Wi-Fi, 7.9in - Space Gray","https://www.ebay.com/itm/Apple-iPad-Mini-5th-Generation-64GB-Wi-Fi-7-9in-Space-Gray/284207393808?epid=9030594179&hash=item422c14ac10%3Ag%3AOJkAAOSwEelgQUNg&LH_Auction=1&LH_ItemCondition=1000","$345.00","Mar-4 14:04","6 bids","7 days","4 Mar 2021 at 2:04:47pm PST","2","",""
"Apple iPad Mini 5 (5th Gen) - 64GB - 256GB - Wi-Fi - Wi-Fi + Cellular","https://www.ebay.com/itm/Apple-iPad-Mini-5-5th-Gen-64GB-256GB-Wi-Fi-Wi-Fi-Cellular/143962723640?hash=item2184d8d538%3Ag%3AtiAAAOSwwkhgOrLc&LH_Auction=1&LH_ItemCondition=1000","$440.00","Mar-4 13:03","22 bids","","","","",""
"Apple iPad Mini (5th Generation) 64GB Gold Model A2133 BRAND NEW","https://www.ebay.com/itm/Apple-iPad-Mini-5th-Generation-64GB-Gold-Model-A2133-BRAND-NEW/373474107170?epid=13030600264&hash=item56f4ca9f22%3Ag%3AZ%7EsAAOSwfzJeNtQB&LH_Auction=1&LH_ItemCondition=1000","$610.00","Mar-3 20:00","43 bids","7 days","26 Feb 2021 at 11:22:03pm PST","9","User ID
probstein123 (
Feedback score
818770)",""
"Apple iPad Mini (5th Generation) 64GB Gold Model A2133 BRAND NEW","https://www.ebay.com/itm/Apple-iPad-Mini-5th-Generation-64GB-Gold-Model-A2133-BRAND-NEW/373474107170?epid=13030600264&hash=item56f4ca9f22%3Ag%3AZ%7EsAAOSwfzJeNtQB&LH_Auction=1&LH_ItemCondition=1000","$610.00","Mar-3 20:00","43 bids","7 days","26 Feb 2021 at 11:22:03pm PST","9","User ID
probstein123 (
Feedback score
818770
)",""
"Apple iPad Mini (5th Generation) 64GB Gold Model A2133 BRAND NEW","https://www.ebay.com/itm/Apple-iPad-Mini-5th-Generation-64GB-Gold-Model-A2133-BRAND-NEW/373474107170?epid=13030600264&hash=item56f4ca9f22%3Ag%3AZ%7EsAAOSwfzJeNtQB&LH_Auction=1&LH_ItemCondition=1000","$610.00","Mar-3 20:00","43 bids","7 days","26 Feb 2021 at 11:22:03pm PST","9","User ID
probstein123","https://www.ebay.com/usr/probstein123"
"Apple iPad Mini (5th Generation) 64GB Gold Model A2133 BRAND NEW","https://www.ebay.com/itm/Apple-iPad-Mini-5th-Generation-64GB-Gold-Model-A2133-BRAND-NEW/373474107170?epid=13030600264&hash=item56f4ca9f22%3Ag%3AZ%7EsAAOSwfzJeNtQB&LH_Auction=1&LH_ItemCondition=1000","$610.00","Mar-3 20:00","43 bids","7 days","26 Feb 2021 at 11:22:03pm PST","9","User ID","https://www.ebay.com/usr/probstein123"
"Apple iPad Mini (5th Generation) 64GB Gold Model A2133 BRAND NEW","https://www.ebay.com/itm/Apple-iPad-Mini-5th-Generation-64GB-Gold-Model-A2133-BRAND-NEW/373474107170?epid=13030600264&hash=item56f4ca9f22%3Ag%3AZ%7EsAAOSwfzJeNtQB&LH_Auction=1&LH_ItemCondition=1000","$610.00","Mar-3 20:00","43 bids","7 days","26 Feb 2021 at 11:22:03pm PST","9","Feedback score
818770","http://feedback.ebay.com/ws/eBayISAPI.dll?ViewFeedback2&userid=probstein123&ftab=AllFeedback&myworld=true&rt=nc&_trksid=p2545226.m2531.l4585"
"Apple iPad Mini (5th Generation) 64GB Gold Model A2133 BRAND NEW","https://www.ebay.com/itm/Apple-iPad-Mini-5th-Generation-64GB-Gold-Model-A2133-BRAND-NEW/373474107170?epid=13030600264&hash=item56f4ca9f22%3Ag%3AZ%7EsAAOSwfzJeNtQB&LH_Auction=1&LH_ItemCondition=1000","$610.00","Mar-3 20:00","43 bids","7 days","26 Feb 2021 at 11:22:03pm PST","9","Feedback score","http://feedback.ebay.com/ws/eBayISAPI.dll?ViewFeedback2&userid=probstein123&ftab=AllFeedback&myworld=true&rt=nc&_trksid=p2545226.m2531.l4585"
"Apple iPad Mini (5th Generation) 64GB Gold Model A2133 BRAND NEW","https://www.ebay.com/itm/Apple-iPad-Mini-5th-Generation-64GB-Gold-Model-A2133-BRAND-NEW/373474107170?epid=13030600264&hash=item56f4ca9f22%3Ag%3AZ%7EsAAOSwfzJeNtQB&LH_Auction=1&LH_ItemCondition=1000","$610.00","Mar-3 20:00","43 bids","7 days","26 Feb 2021 at 11:22:03pm PST","9","99.8% positive feedback",""
"Apple iPad Mini (5th Generation) 64GB, Wi-Fi, 7.9in - Space Gray","https://www.ebay.com/itm/Apple-iPad-Mini-5th-Generation-64GB-Wi-Fi-7-9in-Space-Gray/133676758651?epid=9030594179&hash=item1f1fc1767b%3Ag%3AEzgAAOSwc2NgOXnI&LH_Auction=1&LH_ItemCondition=1000","$344.00","Mar-3 14:45","2 bids","5 days","3 Mar 2021 at 2:35:22pm PST","2","User ID
artcomputer2011 (
Feedback score
769)",""
"Apple iPad Mini (5th Generation) 64GB, Wi-Fi, 7.9in - Space Gray","https://www.ebay.com/itm/Apple-iPad-Mini-5th-Generation-64GB-Wi-Fi-7-9in-Space-Gray/133676758651?epid=9030594179&hash=item1f1fc1767b%3Ag%3AEzgAAOSwc2NgOXnI&LH_Auction=1&LH_ItemCondition=1000","$344.00","Mar-3 14:45","2 bids","5 days","3 Mar 2021 at 2:35:22pm PST","2","User ID
artcomputer2011 (
Feedback score
769
)",""
"Apple iPad Mini (5th Generation) 64GB, Wi-Fi, 7.9in - Space Gray","https://www.ebay.com/itm/Apple-iPad-Mini-5th-Generation-64GB-Wi-Fi-7-9in-Space-Gray/133676758651?epid=9030594179&hash=item1f1fc1767b%3Ag%3AEzgAAOSwc2NgOXnI&LH_Auction=1&LH_ItemCondition=1000","$344.00","Mar-3 14:45","2 bids","5 days","3 Mar 2021 at 2:35:22pm PST","2","User ID
artcomputer2011","https://www.ebay.com/usr/artcomputer2011"
"Apple iPad Mini (5th Generation) 64GB, Wi-Fi, 7.9in - Space Gray","https://www.ebay.com/itm/Apple-iPad-Mini-5th-Generation-64GB-Wi-Fi-7-9in-Space-Gray/133676758651?epid=9030594179&hash=item1f1fc1767b%3Ag%3AEzgAAOSwc2NgOXnI&LH_Auction=1&LH_ItemCondition=1000","$344.00","Mar-3 14:45","2 bids","5 days","3 Mar 2021 at 2:35:22pm PST","2","User ID","https://www.ebay.com/usr/artcomputer2011"
"Apple iPad Mini (5th Generation) 64GB, Wi-Fi, 7.9in - Space Gray","https://www.ebay.com/itm/Apple-iPad-Mini-5th-Generation-64GB-Wi-Fi-7-9in-Space-Gray/133676758651?epid=9030594179&hash=item1f1fc1767b%3Ag%3AEzgAAOSwc2NgOXnI&LH_Auction=1&LH_ItemCondition=1000","$344.00","Mar-3 14:45","2 bids","5 days","3 Mar 2021 at 2:35:22pm PST","2","Feedback score
769","http://feedback.ebay.com/ws/eBayISAPI.dll?ViewFeedback2&userid=artcomputer2011&ftab=AllFeedback&myworld=true&rt=nc&_trksid=p2545226.m2531.l4585"
"Apple iPad Mini (5th Generation) 64GB, Wi-Fi, 7.9in - Space Gray","https://www.ebay.com/itm/Apple-iPad-Mini-5th-Generation-64GB-Wi-Fi-7-9in-Space-Gray/133676758651?epid=9030594179&hash=item1f1fc1767b%3Ag%3AEzgAAOSwc2NgOXnI&LH_Auction=1&LH_ItemCondition=1000","$344.00","Mar-3 14:45","2 bids","5 days","3 Mar 2021 at 2:35:22pm PST","2","Feedback score","http://feedback.ebay.com/ws/eBayISAPI.dll?ViewFeedback2&userid=artcomputer2011&ftab=AllFeedback&myworld=true&rt=nc&_trksid=p2545226.m2531.l4585"
"Apple iPad Mini (5th Generation) 64GB, Wi-Fi, 7.9in - Space Gray","https://www.ebay.com/itm/Apple-iPad-Mini-5th-Generation-64GB-Wi-Fi-7-9in-Space-Gray/133676758651?epid=9030594179&hash=item1f1fc1767b%3Ag%3AEzgAAOSwc2NgOXnI&LH_Auction=1&LH_ItemCondition=1000","$344.00","Mar-3 14:45","2 bids","5 days","3 Mar 2021 at 2:35:22pm PST","2","100% positive feedback",""
"Apple iPad Mini (5th Generation) 64GB, Wi-Fi, 7.9in - Silver","https://www.ebay.com/itm/Apple-iPad-Mini-5th-Generation-64GB-Wi-Fi-7-9in-Silver/164731836757?epid=2301649792&hash=item265ac85955%3Ag%3AlusAAOSwCGhgEKED&LH_Auction=1&LH_ItemCondition=1000","$360.00","Feb-28 20:15","1 bid","5 days","28 Feb 2021 at 8:15:55pm PST","1","User ID
randomthingz18465 (
Feedback score
157)",""
"Apple iPad Mini (5th Generation) 64GB, Wi-Fi, 7.9in - Silver","https://www.ebay.com/itm/Apple-iPad-Mini-5th-Generation-64GB-Wi-Fi-7-9in-Silver/164731836757?epid=2301649792&hash=item265ac85955%3Ag%3AlusAAOSwCGhgEKED&LH_Auction=1&LH_ItemCondition=1000","$360.00","Feb-28 20:15","1 bid","5 days","28 Feb 2021 at 8:15:55pm PST","1","User ID
randomthingz18465 (
Feedback score
157
)",""
"Apple iPad Mini (5th Generation) 64GB, Wi-Fi, 7.9in - Silver","https://www.ebay.com/itm/Apple-iPad-Mini-5th-Generation-64GB-Wi-Fi-7-9in-Silver/164731836757?epid=2301649792&hash=item265ac85955%3Ag%3AlusAAOSwCGhgEKED&LH_Auction=1&LH_ItemCondition=1000","$360.00","Feb-28 20:15","1 bid","5 days","28 Feb 2021 at 8:15:55pm PST","1","User ID
randomthingz18465","https://www.ebay.com/usr/randomthingz18465"
"Apple iPad Mini (5th Generation) 64GB, Wi-Fi, 7.9in - Silver","https://www.ebay.com/itm/Apple-iPad-Mini-5th-Generation-64GB-Wi-Fi-7-9in-Silver/164731836757?epid=2301649792&hash=item265ac85955%3Ag%3AlusAAOSwCGhgEKED&LH_Auction=1&LH_ItemCondition=1000","$360.00","Feb-28 20:15","1 bid","5 days","28 Feb 2021 at 8:15:55pm PST","1","User ID","https://www.ebay.com/usr/randomthingz18465"
"Apple iPad Mini (5th Generation) 64GB, Wi-Fi, 7.9in - Silver","https://www.ebay.com/itm/Apple-iPad-Mini-5th-Generation-64GB-Wi-Fi-7-9in-Silver/164731836757?epid=2301649792&hash=item265ac85955%3Ag%3AlusAAOSwCGhgEKED&LH_Auction=1&LH_ItemCondition=1000","$360.00","Feb-28 20:15","1 bid","5 days","28 Feb 2021 at 8:15:55pm PST","1","Feedback score
157","http://feedback.ebay.com/ws/eBayISAPI.dll?ViewFeedback2&userid=randomthingz18465&ftab=AllFeedback&myworld=true&rt=nc&_trksid=p2545226.m2531.l4585"
"Apple iPad Mini (5th Generation) 64GB, Wi-Fi, 7.9in - Silver","https://www.ebay.com/itm/Apple-iPad-Mini-5th-Generation-64GB-Wi-Fi-7-9in-Silver/164731836757?epid=2301649792&hash=item265ac85955%3Ag%3AlusAAOSwCGhgEKED&LH_Auction=1&LH_ItemCondition=1000","$360.00","Feb-28 20:15","1 bid","5 days","28 Feb 2021 at 8:15:55pm PST","1","Feedback score","http://feedback.ebay.com/ws/eBayISAPI.dll?ViewFeedback2&userid=randomthingz18465&ftab=AllFeedback&myworld=true&rt=nc&_trksid=p2545226.m2531.l4585"
"Apple iPad Mini (5th Generation) 64GB, Wi-Fi, 7.9in - Silver","https://www.ebay.com/itm/Apple-iPad-Mini-5th-Generation-64GB-Wi-Fi-7-9in-Silver/164731836757?epid=2301649792&hash=item265ac85955%3Ag%3AlusAAOSwCGhgEKED&LH_Auction=1&LH_ItemCondition=1000","$360.00","Feb-28 20:15","1 bid","5 days","28 Feb 2021 at 8:15:55pm PST","1","100% positive feedback",""
"Apple iPad mini, 5th Gen. 64GB, Wi-Fi, 7.9in - Space Gray - BRAND NEW/SEALED BOX","https://www.ebay.com/itm/Apple-iPad-mini-5th-Gen-64GB-Wi-Fi-7-9in-Space-Gray-BRAND-NEW-SEALED-BOX/363294495079?hash=item54960a1167%3Ag%3Aii4AAOSwDL1gKrpX&LH_Auction=1&LH_ItemCondition=1000","$355.00","Feb-22 10:26","11 bids","","","","",""
"Apple Ipad Mini Wifi 64g 5th Generation New","https://www.ebay.com/itm/Apple-Ipad-Mini-Wifi-64g-5th-Generation-New/174644581630?hash=item28a9a0d4fe%3Ag%3ASMkAAOSw%7EHBgL-hb&LH_Auction=1&LH_ItemCondition=1000","$340.00","Feb-22 08:36","10 bids","","","","",""
"Apple iPad Mini (5th Generation) 64GB, Wi-Fi, 7.9in - Space Gray (CA)","https://www.ebay.com/itm/Apple-iPad-Mini-5th-Generation-64GB-Wi-Fi-7-9in-Space-Gray-CA/393136619400?epid=16030599526&hash=item5b88c4bf88%3Ag%3AS-MAAOSwOFZeNtQR&LH_Auction=1&LH_ItemCondition=1000","$345.03","Feb-22 05:26","53 bids","5 days","21 Feb 2021 at 12:37:18pm PST","16","User ID
joe12905 (
Feedback score
318)",""
"Apple iPad Mini (5th Generation) 64GB, Wi-Fi, 7.9in - Space Gray (CA)","https://www.ebay.com/itm/Apple-iPad-Mini-5th-Generation-64GB-Wi-Fi-7-9in-Space-Gray-CA/393136619400?epid=16030599526&hash=item5b88c4bf88%3Ag%3AS-MAAOSwOFZeNtQR&LH_Auction=1&LH_ItemCondition=1000","$345.03","Feb-22 05:26","53 bids","5 days","21 Feb 2021 at 12:37:18pm PST","16","User ID
joe12905 (
Feedback score
318
)",""
"Apple iPad Mini (5th Generation) 64GB, Wi-Fi, 7.9in - Space Gray (CA)","https://www.ebay.com/itm/Apple-iPad-Mini-5th-Generation-64GB-Wi-Fi-7-9in-Space-Gray-CA/393136619400?epid=16030599526&hash=item5b88c4bf88%3Ag%3AS-MAAOSwOFZeNtQR&LH_Auction=1&LH_ItemCondition=1000","$345.03","Feb-22 05:26","53 bids","5 days","21 Feb 2021 at 12:37:18pm PST","16","User ID
joe12905","https://www.ebay.com/usr/joe12905"
"Apple iPad Mini (5th Generation) 64GB, Wi-Fi, 7.9in - Space Gray (CA)","https://www.ebay.com/itm/Apple-iPad-Mini-5th-Generation-64GB-Wi-Fi-7-9in-Space-Gray-CA/393136619400?epid=16030599526&hash=item5b88c4bf88%3Ag%3AS-MAAOSwOFZeNtQR&LH_Auction=1&LH_ItemCondition=1000","$345.03","Feb-22 05:26","53 bids","5 days","21 Feb 2021 at 12:37:18pm PST","16","User ID","https://www.ebay.com/usr/joe12905"
"Apple iPad Mini (5th Generation) 64GB, Wi-Fi, 7.9in - Space Gray (CA)","https://www.ebay.com/itm/Apple-iPad-Mini-5th-Generation-64GB-Wi-Fi-7-9in-Space-Gray-CA/393136619400?epid=16030599526&hash=item5b88c4bf88%3Ag%3AS-MAAOSwOFZeNtQR&LH_Auction=1&LH_ItemCondition=1000","$345.03","Feb-22 05:26","53 bids","5 days","21 Feb 2021 at 12:37:18pm PST","16","Feedback score
318","http://feedback.ebay.com/ws/eBayISAPI.dll?ViewFeedback2&userid=joe12905&ftab=AllFeedback&myworld=true&rt=nc&_trksid=p2545226.m2531.l4585"
"Apple iPad Mini (5th Generation) 64GB, Wi-Fi, 7.9in - Space Gray (CA)","https://www.ebay.com/itm/Apple-iPad-Mini-5th-Generation-64GB-Wi-Fi-7-9in-Space-Gray-CA/393136619400?epid=16030599526&hash=item5b88c4bf88%3Ag%3AS-MAAOSwOFZeNtQR&LH_Auction=1&LH_ItemCondition=1000","$345.03","Feb-22 05:26","53 bids","5 days","21 Feb 2021 at 12:37:18pm PST","16","Feedback score","http://feedback.ebay.com/ws/eBayISAPI.dll?ViewFeedback2&userid=joe12905&ftab=AllFeedback&myworld=true&rt=nc&_trksid=p2545226.m2531.l4585"
"Apple iPad Mini (5th Generation) 64GB, Wi-Fi, 7.9in - Space Gray (CA)","https://www.ebay.com/itm/Apple-iPad-Mini-5th-Generation-64GB-Wi-Fi-7-9in-Space-Gray-CA/393136619400?epid=16030599526&hash=item5b88c4bf88%3Ag%3AS-MAAOSwOFZeNtQR&LH_Auction=1&LH_ItemCondition=1000","$345.03","Feb-22 05:26","53 bids","5 days","21 Feb 2021 at 12:37:18pm PST","16","100% positive feedback",""
"Apple iPad Mini 5th Gen MUQW2LL/A 64GB Space Gray Wifi","https://www.ebay.com/itm/Apple-iPad-Mini-5th-Gen-MUQW2LL-A-64GB-Space-Gray-Wifi/143953073627?hash=item21844595db%3Ag%3AVhUAAOSwB1RgKsN5&LH_Auction=1&LH_ItemCondition=1000","$348.00","Feb-21 15:57","8 bids","","","","",""
"NEW Apple iPad Mini (5th Generation) 64GB, Wi-Fi, 7.9in - Space Gray","https://www.ebay.com/itm/NEW-Apple-iPad-Mini-5th-Generation-64GB-Wi-Fi-7-9in-Space-Gray/154329610175?epid=9030594179&hash=item23eec2f7bf%3Ag%3AwIAAAOSwwnlgJ0EG&LH_Auction=1&LH_ItemCondition=1000","$345.00","Feb-19 19:04","16 bids","7 days","19 Feb 2021 at 7:04:40pm PST","8","User ID
vgur2419 (
Feedback score
27)",""
"NEW Apple iPad Mini (5th Generation) 64GB, Wi-Fi, 7.9in - Space Gray","https://www.ebay.com/itm/NEW-Apple-iPad-Mini-5th-Generation-64GB-Wi-Fi-7-9in-Space-Gray/154329610175?epid=9030594179&hash=item23eec2f7bf%3Ag%3AwIAAAOSwwnlgJ0EG&LH_Auction=1&LH_ItemCondition=1000","$345.00","Feb-19 19:04","16 bids","7 days","19 Feb 2021 at 7:04:40pm PST","8","User ID
vgur2419 (
Feedback score
27
)",""
"NEW Apple iPad Mini (5th Generation) 64GB, Wi-Fi, 7.9in - Space Gray","https://www.ebay.com/itm/NEW-Apple-iPad-Mini-5th-Generation-64GB-Wi-Fi-7-9in-Space-Gray/154329610175?epid=9030594179&hash=item23eec2f7bf%3Ag%3AwIAAAOSwwnlgJ0EG&LH_Auction=1&LH_ItemCondition=1000","$345.00","Feb-19 19:04","16 bids","7 days","19 Feb 2021 at 7:04:40pm PST","8","User ID
vgur2419","https://www.ebay.com/usr/vgur2419"
"NEW Apple iPad Mini (5th Generation) 64GB, Wi-Fi, 7.9in - Space Gray","https://www.ebay.com/itm/NEW-Apple-iPad-Mini-5th-Generation-64GB-Wi-Fi-7-9in-Space-Gray/154329610175?epid=9030594179&hash=item23eec2f7bf%3Ag%3AwIAAAOSwwnlgJ0EG&LH_Auction=1&LH_ItemCondition=1000","$345.00","Feb-19 19:04","16 bids","7 days","19 Feb 2021 at 7:04:40pm PST","8","User ID","https://www.ebay.com/usr/vgur2419"
"NEW Apple iPad Mini (5th Generation) 64GB, Wi-Fi, 7.9in - Space Gray","https://www.ebay.com/itm/NEW-Apple-iPad-Mini-5th-Generation-64GB-Wi-Fi-7-9in-Space-Gray/154329610175?epid=9030594179&hash=item23eec2f7bf%3Ag%3AwIAAAOSwwnlgJ0EG&LH_Auction=1&LH_ItemCondition=1000","$345.00","Feb-19 19:04","16 bids","7 days","19 Feb 2021 at 7:04:40pm PST","8","Feedback score
27","http://feedback.ebay.com/ws/eBayISAPI.dll?ViewFeedback2&userid=vgur2419&ftab=AllFeedback&myworld=true&rt=nc&_trksid=p2545226.m2531.l4585"
"NEW Apple iPad Mini (5th Generation) 64GB, Wi-Fi, 7.9in - Space Gray","https://www.ebay.com/itm/NEW-Apple-iPad-Mini-5th-Generation-64GB-Wi-Fi-7-9in-Space-Gray/154329610175?epid=9030594179&hash=item23eec2f7bf%3Ag%3AwIAAAOSwwnlgJ0EG&LH_Auction=1&LH_ItemCondition=1000","$345.00","Feb-19 19:04","16 bids","7 days","19 Feb 2021 at 7:04:40pm PST","8","Feedback score","http://feedback.ebay.com/ws/eBayISAPI.dll?ViewFeedback2&userid=vgur2419&ftab=AllFeedback&myworld=true&rt=nc&_trksid=p2545226.m2531.l4585"
"NEW Apple iPad Mini (5th Generation) 64GB, Wi-Fi, 7.9in - Space Gray","https://www.ebay.com/itm/NEW-Apple-iPad-Mini-5th-Generation-64GB-Wi-Fi-7-9in-Space-Gray/154329610175?epid=9030594179&hash=item23eec2f7bf%3Ag%3AwIAAAOSwwnlgJ0EG&LH_Auction=1&LH_ItemCondition=1000","$345.00","Feb-19 19:04","16 bids","7 days","19 Feb 2021 at 7:04:40pm PST","8","100% positive feedback",""
"Apple iPad Mini 5th Gen MUQW2LL/A 64GB Space Gray Wifi","https://www.ebay.com/itm/Apple-iPad-Mini-5th-Gen-MUQW2LL-A-64GB-Space-Gray-Wifi/143949749468?hash=item218412dcdc%3Ag%3AVhUAAOSwB1RgKsN5&LH_Auction=1&LH_ItemCondition=1000","$355.00","Feb-18 10:59","8 bids","","","","",""
"Apple iPad Mini (5th Generation) 64GB, Wi-Fi + 4G (Unlocked), 7.9in - Space Gray","https://www.ebay.com/itm/Apple-iPad-Mini-5th-Generation-64GB-Wi-Fi-4G-Unlocked-7-9in-Space-Gray/402684755220?epid=27030598070&hash=item5dc1e1bd14%3Ag%3ANWsAAOSwe7VgIrOo&LH_Auction=1&LH_ItemCondition=1000","$380.00","Feb-16 15:02","75 bids","7 days","13 Feb 2021 at 7:32:37pm PST","23","User ID
camilojarroyo",""
"Apple iPad Mini (5th Generation) 64GB, Wi-Fi + 4G (Unlocked), 7.9in - Space Gray","https://www.ebay.com/itm/Apple-iPad-Mini-5th-Generation-64GB-Wi-Fi-4G-Unlocked-7-9in-Space-Gray/402684755220?epid=27030598070&hash=item5dc1e1bd14%3Ag%3ANWsAAOSwe7VgIrOo&LH_Auction=1&LH_ItemCondition=1000","$380.00","Feb-16 15:02","75 bids","7 days","13 Feb 2021 at 7:32:37pm PST","23","User ID
camilojarroyo",""
"Apple iPad Mini (5th Generation) 64GB, Wi-Fi + 4G (Unlocked), 7.9in - Space Gray","https://www.ebay.com/itm/Apple-iPad-Mini-5th-Generation-64GB-Wi-Fi-4G-Unlocked-7-9in-Space-Gray/402684755220?epid=27030598070&hash=item5dc1e1bd14%3Ag%3ANWsAAOSwe7VgIrOo&LH_Auction=1&LH_ItemCondition=1000","$380.00","Feb-16 15:02","75 bids","7 days","13 Feb 2021 at 7:32:37pm PST","23","User ID
camilojarroyo","https://www.ebay.com/usr/camilojarroyo"
"Apple iPad Mini (5th Generation) 64GB, Wi-Fi + 4G (Unlocked), 7.9in - Space Gray","https://www.ebay.com/itm/Apple-iPad-Mini-5th-Generation-64GB-Wi-Fi-4G-Unlocked-7-9in-Space-Gray/402684755220?epid=27030598070&hash=item5dc1e1bd14%3Ag%3ANWsAAOSwe7VgIrOo&LH_Auction=1&LH_ItemCondition=1000","$380.00","Feb-16 15:02","75 bids","7 days","13 Feb 2021 at 7:32:37pm PST","23","User ID","https://www.ebay.com/usr/camilojarroyo"
"Apple iPad Mini (5th Generation) 64GB, Wi-Fi, 7.9in - Space Gray","https://www.ebay.com/itm/Apple-iPad-Mini-5th-Generation-64GB-Wi-Fi-7-9in-Space-Gray/393124176606?epid=9030594179&hash=item5b8806e2de%3Ag%3AeCQAAOSwh%7EdgH0WZ&LH_Auction=1&LH_ItemCondition=1000","$335.00","Feb-13 17:46","4 bids","7 days","13 Feb 2021 at 5:46:28pm PST","3","User ID
rummagerambler (
Feedback score
76)",""
"Apple iPad Mini (5th Generation) 64GB, Wi-Fi, 7.9in - Space Gray","https://www.ebay.com/itm/Apple-iPad-Mini-5th-Generation-64GB-Wi-Fi-7-9in-Space-Gray/393124176606?epid=9030594179&hash=item5b8806e2de%3Ag%3AeCQAAOSwh%7EdgH0WZ&LH_Auction=1&LH_ItemCondition=1000","$335.00","Feb-13 17:46","4 bids","7 days","13 Feb 2021 at 5:46:28pm PST","3","User ID
rummagerambler (
Feedback score
76
)",""
"Apple iPad Mini (5th Generation) 64GB, Wi-Fi, 7.9in - Space Gray","https://www.ebay.com/itm/Apple-iPad-Mini-5th-Generation-64GB-Wi-Fi-7-9in-Space-Gray/393124176606?epid=9030594179&hash=item5b8806e2de%3Ag%3AeCQAAOSwh%7EdgH0WZ&LH_Auction=1&LH_ItemCondition=1000","$335.00","Feb-13 17:46","4 bids","7 days","13 Feb 2021 at 5:46:28pm PST","3","User ID
rummagerambler","https://www.ebay.com/usr/rummagerambler"
"Apple iPad Mini (5th Generation) 64GB, Wi-Fi, 7.9in - Space Gray","https://www.ebay.com/itm/Apple-iPad-Mini-5th-Generation-64GB-Wi-Fi-7-9in-Space-Gray/393124176606?epid=9030594179&hash=item5b8806e2de%3Ag%3AeCQAAOSwh%7EdgH0WZ&LH_Auction=1&LH_ItemCondition=1000","$335.00","Feb-13 17:46","4 bids","7 days","13 Feb 2021 at 5:46:28pm PST","3","User ID","https://www.ebay.com/usr/rummagerambler"
"Apple iPad Mini (5th Generation) 64GB, Wi-Fi, 7.9in - Space Gray","https://www.ebay.com/itm/Apple-iPad-Mini-5th-Generation-64GB-Wi-Fi-7-9in-Space-Gray/393124176606?epid=9030594179&hash=item5b8806e2de%3Ag%3AeCQAAOSwh%7EdgH0WZ&LH_Auction=1&LH_ItemCondition=1000","$335.00","Feb-13 17:46","4 bids","7 days","13 Feb 2021 at 5:46:28pm PST","3","Feedback score
76","http://feedback.ebay.com/ws/eBayISAPI.dll?ViewFeedback2&userid=rummagerambler&ftab=AllFeedback&myworld=true&rt=nc&_trksid=p2545226.m2531.l4585"
"Apple iPad Mini (5th Generation) 64GB, Wi-Fi, 7.9in - Space Gray","https://www.ebay.com/itm/Apple-iPad-Mini-5th-Generation-64GB-Wi-Fi-7-9in-Space-Gray/393124176606?epid=9030594179&hash=item5b8806e2de%3Ag%3AeCQAAOSwh%7EdgH0WZ&LH_Auction=1&LH_ItemCondition=1000","$335.00","Feb-13 17:46","4 bids","7 days","13 Feb 2021 at 5:46:28pm PST","3","Feedback score","http://feedback.ebay.com/ws/eBayISAPI.dll?ViewFeedback2&userid=rummagerambler&ftab=AllFeedback&myworld=true&rt=nc&_trksid=p2545226.m2531.l4585"
"Apple iPad Mini (5th Generation) 64GB, Wi-Fi, 7.9in - Space Gray","https://www.ebay.com/itm/Apple-iPad-Mini-5th-Generation-64GB-Wi-Fi-7-9in-Space-Gray/393124176606?epid=9030594179&hash=item5b8806e2de%3Ag%3AeCQAAOSwh%7EdgH0WZ&LH_Auction=1&LH_ItemCondition=1000","$335.00","Feb-13 17:46","4 bids","7 days","13 Feb 2021 at 5:46:28pm PST","3","100% positive feedback",""
"Apple iPad Mini (5th Generation) 64GB, Wi-Fi, 7.9in - Gold - NIB, NEW in Wrap","https://www.ebay.com/itm/Apple-iPad-Mini-5th-Generation-64GB-Wi-Fi-7-9in-Gold-NIB-NEW-in-Wrap/193887657242?epid=13030600264&hash=item2d249add1a%3Ag%3Axq0AAOSwnQVgHHJq&LH_Auction=1&LH_ItemCondition=1000","$344.00","Feb-13 14:23","2 bids","3 days","13 Feb 2021 at 2:23:02pm PST","2","User ID
hillcreststampsandcoins (
Feedback score
3309)",""
"Apple iPad Mini (5th Generation) 64GB, Wi-Fi, 7.9in - Gold - NIB, NEW in Wrap","https://www.ebay.com/itm/Apple-iPad-Mini-5th-Generation-64GB-Wi-Fi-7-9in-Gold-NIB-NEW-in-Wrap/193887657242?epid=13030600264&hash=item2d249add1a%3Ag%3Axq0AAOSwnQVgHHJq&LH_Auction=1&LH_ItemCondition=1000","$344.00","Feb-13 14:23","2 bids","3 days","13 Feb 2021 at 2:23:02pm PST","2","User ID
hillcreststampsandcoins (
Feedback score
3309
)",""
"Apple iPad Mini (5th Generation) 64GB, Wi-Fi, 7.9in - Gold - NIB, NEW in Wrap","https://www.ebay.com/itm/Apple-iPad-Mini-5th-Generation-64GB-Wi-Fi-7-9in-Gold-NIB-NEW-in-Wrap/193887657242?epid=13030600264&hash=item2d249add1a%3Ag%3Axq0AAOSwnQVgHHJq&LH_Auction=1&LH_ItemCondition=1000","$344.00","Feb-13 14:23","2 bids","3 days","13 Feb 2021 at 2:23:02pm PST","2","User ID
hillcreststampsandcoins","https://www.ebay.com/usr/hillcreststampsandcoins"
"Apple iPad Mini (5th Generation) 64GB, Wi-Fi, 7.9in - Gold - NIB, NEW in Wrap","https://www.ebay.com/itm/Apple-iPad-Mini-5th-Generation-64GB-Wi-Fi-7-9in-Gold-NIB-NEW-in-Wrap/193887657242?epid=13030600264&hash=item2d249add1a%3Ag%3Axq0AAOSwnQVgHHJq&LH_Auction=1&LH_ItemCondition=1000","$344.00","Feb-13 14:23","2 bids","3 days","13 Feb 2021 at 2:23:02pm PST","2","User ID","https://www.ebay.com/usr/hillcreststampsandcoins"
"Apple iPad Mini (5th Generation) 64GB, Wi-Fi, 7.9in - Gold - NIB, NEW in Wrap","https://www.ebay.com/itm/Apple-iPad-Mini-5th-Generation-64GB-Wi-Fi-7-9in-Gold-NIB-NEW-in-Wrap/193887657242?epid=13030600264&hash=item2d249add1a%3Ag%3Axq0AAOSwnQVgHHJq&LH_Auction=1&LH_ItemCondition=1000","$344.00","Feb-13 14:23","2 bids","3 days","13 Feb 2021 at 2:23:02pm PST","2","Feedback score
3309","http://feedback.ebay.com/ws/eBayISAPI.dll?ViewFeedback2&userid=hillcreststampsandcoins&ftab=AllFeedback&myworld=true&rt=nc&_trksid=p2545226.m2531.l4585"
"Apple iPad Mini (5th Generation) 64GB, Wi-Fi, 7.9in - Gold - NIB, NEW in Wrap","https://www.ebay.com/itm/Apple-iPad-Mini-5th-Generation-64GB-Wi-Fi-7-9in-Gold-NIB-NEW-in-Wrap/193887657242?epid=13030600264&hash=item2d249add1a%3Ag%3Axq0AAOSwnQVgHHJq&LH_Auction=1&LH_ItemCondition=1000","$344.00","Feb-13 14:23","2 bids","3 days","13 Feb 2021 at 2:23:02pm PST","2","Feedback score","http://feedback.ebay.com/ws/eBayISAPI.dll?ViewFeedback2&userid=hillcreststampsandcoins&ftab=AllFeedback&myworld=true&rt=nc&_trksid=p2545226.m2531.l4585"
"Apple iPad Mini (5th Generation) 64GB, Wi-Fi, 7.9in - Gold - NIB, NEW in Wrap","https://www.ebay.com/itm/Apple-iPad-Mini-5th-Generation-64GB-Wi-Fi-7-9in-Gold-NIB-NEW-in-Wrap/193887657242?epid=13030600264&hash=item2d249add1a%3Ag%3Axq0AAOSwnQVgHHJq&LH_Auction=1&LH_ItemCondition=1000","$344.00","Feb-13 14:23","2 bids","3 days","13 Feb 2021 at 2:23:02pm PST","2","100% positive feedback",""
"Apple iPad Mini (5th Generation) 64GB, Wi-Fi, 7.9in - Silver","https://www.ebay.com/itm/Apple-iPad-Mini-5th-Generation-64GB-Wi-Fi-7-9in-Silver/164688418471?epid=2301649792&hash=item265831d6a7%3Ag%3AlusAAOSwCGhgEKED&LH_Auction=1&LH_ItemCondition=1000","$321.00","Feb-12 20:48","12 bids","7 days","Retracted:","10","",""
"Apple iPad Mini (5th Gen) Wi-Fi Only, 64GB - Space Gray","https://www.ebay.com/itm/Apple-iPad-Mini-5th-Gen-Wi-Fi-Only-64GB-Space-Gray/164699541257?hash=item2658db8f09%3Ag%3Aw00AAOSwGXNgJijy&LH_Auction=1&LH_ItemCondition=1000","$360.00","Feb-12 14:21","1 bid","","","","",""
"Apple iPad Mini (5th Generation) 64GB, Wi-Fi, 7.9in - Space Gray","https://www.ebay.com/itm/Apple-iPad-Mini-5th-Generation-64GB-Wi-Fi-7-9in-Space-Gray/184649795992?epid=9030594179&hash=item2afdfc4998%3Ag%3AS-MAAOSwOFZeNtQR&LH_Auction=1&LH_ItemCondition=1000","$310.00","Feb-11 05:17","9 bids","7 days","11 Feb 2021 at 5:12:37am PST","5","User ID
jotay_766046",""
"Apple iPad Mini (5th Generation) 64GB, Wi-Fi, 7.9in - Space Gray","https://www.ebay.com/itm/Apple-iPad-Mini-5th-Generation-64GB-Wi-Fi-7-9in-Space-Gray/184649795992?epid=9030594179&hash=item2afdfc4998%3Ag%3AS-MAAOSwOFZeNtQR&LH_Auction=1&LH_ItemCondition=1000","$310.00","Feb-11 05:17","9 bids","7 days","11 Feb 2021 at 5:12:37am PST","5","User ID
jotay_766046",""
"Apple iPad Mini (5th Generation) 64GB, Wi-Fi, 7.9in - Space Gray","https://www.ebay.com/itm/Apple-iPad-Mini-5th-Generation-64GB-Wi-Fi-7-9in-Space-Gray/184649795992?epid=9030594179&hash=item2afdfc4998%3Ag%3AS-MAAOSwOFZeNtQR&LH_Auction=1&LH_ItemCondition=1000","$310.00","Feb-11 05:17","9 bids","7 days","11 Feb 2021 at 5:12:37am PST","5","User ID
jotay_766046","https://www.ebay.com/usr/jotay_766046"
"Apple iPad Mini (5th Generation) 64GB, Wi-Fi, 7.9in - Space Gray","https://www.ebay.com/itm/Apple-iPad-Mini-5th-Generation-64GB-Wi-Fi-7-9in-Space-Gray/184649795992?epid=9030594179&hash=item2afdfc4998%3Ag%3AS-MAAOSwOFZeNtQR&LH_Auction=1&LH_ItemCondition=1000","$310.00","Feb-11 05:17","9 bids","7 days","11 Feb 2021 at 5:12:37am PST","5","User ID","https://www.ebay.com/usr/jotay_766046"
"Apple iPad Mini (5th Generation) 64GB, Wi-Fi, 7.9in - Space Gray (CA)","https://www.ebay.com/itm/Apple-iPad-Mini-5th-Generation-64GB-Wi-Fi-7-9in-Space-Gray-CA/393118435795?epid=16030599526&hash=item5b87af49d3%3Ag%3AS-MAAOSwOFZeNtQR&LH_Auction=1&LH_ItemCondition=1000","$329.17","Feb-6 16:06","71 bids","5 days","Retracted:","23","",""
"Apple iPad Mini (5th Generation) 64GB Gold Model A2133 BRAND NEW","https://www.ebay.com/itm/Apple-iPad-Mini-5th-Generation-64GB-Gold-Model-A2133-BRAND-NEW/383922614980?epid=13030600264&hash=item59639232c4%3Ag%3AZ%7EsAAOSwfzJeNtQB&LH_Auction=1&LH_ItemCondition=1000","$317.00","Feb-3 20:00","14 bids","7 days","2 Feb 2021 at 12:49:11pm PST","7","",""
"Apple iPad Mini (5th Generation) 64GB Gold Model A2133 BRAND NEW","https://www.ebay.com/itm/Apple-iPad-Mini-5th-Generation-64GB-Gold-Model-A2133-BRAND-NEW/383920717409?epid=13030600264&hash=item5963753e61%3Ag%3AZ%7EsAAOSwfzJeNtQB&LH_Auction=1&LH_ItemCondition=1000","$380.00","Feb-2 20:00","24 bids","7 days","2 Feb 2021 at 5:07:16am PST","10","",""
"Apple iPad Mini (5th Generation) 64GB, Wi-Fi, 7.9in - Silver","https://www.ebay.com/itm/Apple-iPad-Mini-5th-Generation-64GB-Wi-Fi-7-9in-Silver/164669815814?epid=2301649792&hash=item265715fc06%3Ag%3AlusAAOSwCGhgEKED&LH_Auction=1&LH_ItemCondition=1000","$336.00","Feb-2 15:09","13 bids","7 days","2 Feb 2021 at 3:09:04pm PST","11","",""
"Apple iPad Mini (5th Generation) 64GB, Wi-Fi, 7.9in -balck","https://www.ebay.com/itm/Apple-iPad-Mini-5th-Generation-64GB-Wi-Fi-7-9in-balck/233872199209?hash=item3673de8e29%3Ag%3ApmwAAOSwHbVgDQVD&LH_Auction=1&LH_ItemCondition=1000","$305.00","Feb-1 11:02","10 bids","","","","",""
"Apple iPad Mini (5th Generation) 64GB, Wi-Fi, 7.9in - Space Gray","https://www.ebay.com/itm/Apple-iPad-Mini-5th-Generation-64GB-Wi-Fi-7-9in-Space-Gray/164663940464?epid=9030594179&hash=item2656bc5570%3Ag%3AiWcAAOSwbLlgDJq0&LH_Auction=1&LH_ItemCondition=1000","$327.00","Jan-30 13:57","33 bids","7 days","30 Jan 2021 at 1:54:19pm PST","15","User ID
turbinesurgeon (
Feedback score
953)",""
"Apple iPad Mini (5th Generation) 64GB, Wi-Fi, 7.9in - Space Gray","https://www.ebay.com/itm/Apple-iPad-Mini-5th-Generation-64GB-Wi-Fi-7-9in-Space-Gray/164663940464?epid=9030594179&hash=item2656bc5570%3Ag%3AiWcAAOSwbLlgDJq0&LH_Auction=1&LH_ItemCondition=1000","$327.00","Jan-30 13:57","33 bids","7 days","30 Jan 2021 at 1:54:19pm PST","15","User ID
turbinesurgeon (
Feedback score
953
)",""
"Apple iPad Mini (5th Generation) 64GB, Wi-Fi, 7.9in - Space Gray","https://www.ebay.com/itm/Apple-iPad-Mini-5th-Generation-64GB-Wi-Fi-7-9in-Space-Gray/164663940464?epid=9030594179&hash=item2656bc5570%3Ag%3AiWcAAOSwbLlgDJq0&LH_Auction=1&LH_ItemCondition=1000","$327.00","Jan-30 13:57","33 bids","7 days","30 Jan 2021 at 1:54:19pm PST","15","User ID
turbinesurgeon","https://www.ebay.com/usr/turbinesurgeon"
"Apple iPad Mini (5th Generation) 64GB, Wi-Fi, 7.9in - Space Gray","https://www.ebay.com/itm/Apple-iPad-Mini-5th-Generation-64GB-Wi-Fi-7-9in-Space-Gray/164663940464?epid=9030594179&hash=item2656bc5570%3Ag%3AiWcAAOSwbLlgDJq0&LH_Auction=1&LH_ItemCondition=1000","$327.00","Jan-30 13:57","33 bids","7 days","30 Jan 2021 at 1:54:19pm PST","15","User ID","https://www.ebay.com/usr/turbinesurgeon"
"Apple iPad Mini (5th Generation) 64GB, Wi-Fi, 7.9in - Space Gray","https://www.ebay.com/itm/Apple-iPad-Mini-5th-Generation-64GB-Wi-Fi-7-9in-Space-Gray/164663940464?epid=9030594179&hash=item2656bc5570%3Ag%3AiWcAAOSwbLlgDJq0&LH_Auction=1&LH_ItemCondition=1000","$327.00","Jan-30 13:57","33 bids","7 days","30 Jan 2021 at 1:54:19pm PST","15","Feedback score
953","http://feedback.ebay.com/ws/eBayISAPI.dll?ViewFeedback2&userid=turbinesurgeon&ftab=AllFeedback&myworld=true&rt=nc&_trksid=p2545226.m2531.l4585"
"Apple iPad Mini (5th Generation) 64GB, Wi-Fi, 7.9in - Space Gray","https://www.ebay.com/itm/Apple-iPad-Mini-5th-Generation-64GB-Wi-Fi-7-9in-Space-Gray/164663940464?epid=9030594179&hash=item2656bc5570%3Ag%3AiWcAAOSwbLlgDJq0&LH_Auction=1&LH_ItemCondition=1000","$327.00","Jan-30 13:57","33 bids","7 days","30 Jan 2021 at 1:54:19pm PST","15","Feedback score","http://feedback.ebay.com/ws/eBayISAPI.dll?ViewFeedback2&userid=turbinesurgeon&ftab=AllFeedback&myworld=true&rt=nc&_trksid=p2545226.m2531.l4585"
"Apple iPad Mini (5th Generation) 64GB, Wi-Fi, 7.9in - Space Gray","https://www.ebay.com/itm/Apple-iPad-Mini-5th-Generation-64GB-Wi-Fi-7-9in-Space-Gray/164663940464?epid=9030594179&hash=item2656bc5570%3Ag%3AiWcAAOSwbLlgDJq0&LH_Auction=1&LH_ItemCondition=1000","$327.00","Jan-30 13:57","33 bids","7 days","30 Jan 2021 at 1:54:19pm PST","15","100% positive feedback",""
"Apple iPad Mini (5th Generation) 64GB, Wi-Fi, 7.9in, Space Gray, Factory Sealed!","https://www.ebay.com/itm/Apple-iPad-Mini-5th-Generation-64GB-Wi-Fi-7-9in-Space-Gray-Factory-Sealed/114641345238?epid=2301649792&hash=item1ab1281ad6%3Ag%3AflQAAOSwScBf-6hH&LH_Auction=1&LH_ItemCondition=1000","$347.00","Jan-27 14:45","14 bids","7 days","27 Jan 2021 at 2:34:52pm PST","10","User ID
rlestingi (
Feedback score
73)",""
"Apple iPad Mini (5th Generation) 64GB, Wi-Fi, 7.9in, Space Gray, Factory Sealed!","https://www.ebay.com/itm/Apple-iPad-Mini-5th-Generation-64GB-Wi-Fi-7-9in-Space-Gray-Factory-Sealed/114641345238?epid=2301649792&hash=item1ab1281ad6%3Ag%3AflQAAOSwScBf-6hH&LH_Auction=1&LH_ItemCondition=1000","$347.00","Jan-27 14:45","14 bids","7 days","27 Jan 2021 at 2:34:52pm PST","10","User ID
rlestingi (
Feedback score
73
)",""
"Apple iPad Mini (5th Generation) 64GB, Wi-Fi, 7.9in, Space Gray, Factory Sealed!","https://www.ebay.com/itm/Apple-iPad-Mini-5th-Generation-64GB-Wi-Fi-7-9in-Space-Gray-Factory-Sealed/114641345238?epid=2301649792&hash=item1ab1281ad6%3Ag%3AflQAAOSwScBf-6hH&LH_Auction=1&LH_ItemCondition=1000","$347.00","Jan-27 14:45","14 bids","7 days","27 Jan 2021 at 2:34:52pm PST","10","User ID
rlestingi","https://www.ebay.com/usr/rlestingi"
"Apple iPad Mini (5th Generation) 64GB, Wi-Fi, 7.9in, Space Gray, Factory Sealed!","https://www.ebay.com/itm/Apple-iPad-Mini-5th-Generation-64GB-Wi-Fi-7-9in-Space-Gray-Factory-Sealed/114641345238?epid=2301649792&hash=item1ab1281ad6%3Ag%3AflQAAOSwScBf-6hH&LH_Auction=1&LH_ItemCondition=1000","$347.00","Jan-27 14:45","14 bids","7 days","27 Jan 2021 at 2:34:52pm PST","10","User ID","https://www.ebay.com/usr/rlestingi"
"Apple iPad Mini (5th Generation) 64GB, Wi-Fi, 7.9in, Space Gray, Factory Sealed!","https://www.ebay.com/itm/Apple-iPad-Mini-5th-Generation-64GB-Wi-Fi-7-9in-Space-Gray-Factory-Sealed/114641345238?epid=2301649792&hash=item1ab1281ad6%3Ag%3AflQAAOSwScBf-6hH&LH_Auction=1&LH_ItemCondition=1000","$347.00","Jan-27 14:45","14 bids","7 days","27 Jan 2021 at 2:34:52pm PST","10","Feedback score
73","http://feedback.ebay.com/ws/eBayISAPI.dll?ViewFeedback2&userid=rlestingi&ftab=AllFeedback&myworld=true&rt=nc&_trksid=p2545226.m2531.l4585"
"Apple iPad Mini (5th Generation) 64GB, Wi-Fi, 7.9in, Space Gray, Factory Sealed!","https://www.ebay.com/itm/Apple-iPad-Mini-5th-Generation-64GB-Wi-Fi-7-9in-Space-Gray-Factory-Sealed/114641345238?epid=2301649792&hash=item1ab1281ad6%3Ag%3AflQAAOSwScBf-6hH&LH_Auction=1&LH_ItemCondition=1000","$347.00","Jan-27 14:45","14 bids","7 days","27 Jan 2021 at 2:34:52pm PST","10","Feedback score","http://feedback.ebay.com/ws/eBayISAPI.dll?ViewFeedback2&userid=rlestingi&ftab=AllFeedback&myworld=true&rt=nc&_trksid=p2545226.m2531.l4585"
"Apple iPad Mini (5th Generation) 64GB, Wi-Fi, 7.9in, Space Gray, Factory Sealed!","https://www.ebay.com/itm/Apple-iPad-Mini-5th-Generation-64GB-Wi-Fi-7-9in-Space-Gray-Factory-Sealed/114641345238?epid=2301649792&hash=item1ab1281ad6%3Ag%3AflQAAOSwScBf-6hH&LH_Auction=1&LH_ItemCondition=1000","$347.00","Jan-27 14:45","14 bids","7 days","27 Jan 2021 at 2:34:52pm PST","10","100% positive feedback",""
"Apple iPad Mini (5th Generation) 64GB, Wi-Fi, 7.9in - Space Gray - NEW IN BOX","https://www.ebay.com/itm/Apple-iPad-Mini-5th-Generation-64GB-Wi-Fi-7-9in-Space-Gray-NEW-IN-BOX/402654267199?epid=9030594179&hash=item5dc010873f%3Ag%3ADIEAAOSw2qNf%7Ed6o&LH_Auction=1&LH_ItemCondition=1000","$361.00","Jan-26 08:01","11 bids","5 days","26 Jan 2021 at 7:59:02am PST","6","User ID
austellpawn (
Feedback score
919)",""
"Apple iPad Mini (5th Generation) 64GB, Wi-Fi, 7.9in - Space Gray - NEW IN BOX","https://www.ebay.com/itm/Apple-iPad-Mini-5th-Generation-64GB-Wi-Fi-7-9in-Space-Gray-NEW-IN-BOX/402654267199?epid=9030594179&hash=item5dc010873f%3Ag%3ADIEAAOSw2qNf%7Ed6o&LH_Auction=1&LH_ItemCondition=1000","$361.00","Jan-26 08:01","11 bids","5 days","26 Jan 2021 at 7:59:02am PST","6","User ID
austellpawn (
Feedback score
919
)",""
"Apple iPad Mini (5th Generation) 64GB, Wi-Fi, 7.9in - Space Gray - NEW IN BOX","https://www.ebay.com/itm/Apple-iPad-Mini-5th-Generation-64GB-Wi-Fi-7-9in-Space-Gray-NEW-IN-BOX/402654267199?epid=9030594179&hash=item5dc010873f%3Ag%3ADIEAAOSw2qNf%7Ed6o&LH_Auction=1&LH_ItemCondition=1000","$361.00","Jan-26 08:01","11 bids","5 days","26 Jan 2021 at 7:59:02am PST","6","User ID
austellpawn","https://www.ebay.com/usr/austellpawn"
"Apple iPad Mini (5th Generation) 64GB, Wi-Fi, 7.9in - Space Gray - NEW IN BOX","https://www.ebay.com/itm/Apple-iPad-Mini-5th-Generation-64GB-Wi-Fi-7-9in-Space-Gray-NEW-IN-BOX/402654267199?epid=9030594179&hash=item5dc010873f%3Ag%3ADIEAAOSw2qNf%7Ed6o&LH_Auction=1&LH_ItemCondition=1000","$361.00","Jan-26 08:01","11 bids","5 days","26 Jan 2021 at 7:59:02am PST","6","User ID","https://www.ebay.com/usr/austellpawn"
"Apple iPad Mini (5th Generation) 64GB, Wi-Fi, 7.9in - Space Gray - NEW IN BOX","https://www.ebay.com/itm/Apple-iPad-Mini-5th-Generation-64GB-Wi-Fi-7-9in-Space-Gray-NEW-IN-BOX/402654267199?epid=9030594179&hash=item5dc010873f%3Ag%3ADIEAAOSw2qNf%7Ed6o&LH_Auction=1&LH_ItemCondition=1000","$361.00","Jan-26 08:01","11 bids","5 days","26 Jan 2021 at 7:59:02am PST","6","Feedback score
919","http://feedback.ebay.com/ws/eBayISAPI.dll?ViewFeedback2&userid=austellpawn&ftab=AllFeedback&myworld=true&rt=nc&_trksid=p2545226.m2531.l4585"
"Apple iPad Mini (5th Generation) 64GB, Wi-Fi, 7.9in - Space Gray - NEW IN BOX","https://www.ebay.com/itm/Apple-iPad-Mini-5th-Generation-64GB-Wi-Fi-7-9in-Space-Gray-NEW-IN-BOX/402654267199?epid=9030594179&hash=item5dc010873f%3Ag%3ADIEAAOSw2qNf%7Ed6o&LH_Auction=1&LH_ItemCondition=1000","$361.00","Jan-26 08:01","11 bids","5 days","26 Jan 2021 at 7:59:02am PST","6","Feedback score","http://feedback.ebay.com/ws/eBayISAPI.dll?ViewFeedback2&userid=austellpawn&ftab=AllFeedback&myworld=true&rt=nc&_trksid=p2545226.m2531.l4585"
"Apple iPad Mini (5th Generation) 64GB, Wi-Fi, 7.9in - Space Gray - NEW IN BOX","https://www.ebay.com/itm/Apple-iPad-Mini-5th-Generation-64GB-Wi-Fi-7-9in-Space-Gray-NEW-IN-BOX/402654267199?epid=9030594179&hash=item5dc010873f%3Ag%3ADIEAAOSw2qNf%7Ed6o&LH_Auction=1&LH_ItemCondition=1000","$361.00","Jan-26 08:01","11 bids","5 days","26 Jan 2021 at 7:59:02am PST","6","100% positive feedback",""
"NEW UNOPENED Apple iPad Mini (5th Generation) 64GB, Wi-Fi, - Gold","https://www.ebay.com/itm/NEW-UNOPENED-Apple-iPad-Mini-5th-Generation-64GB-Wi-Fi-Gold/373432817625?epid=13030600264&hash=item56f25497d9%3Ag%3AWT4AAOSw1uZgBlEy&LH_Auction=1&LH_ItemCondition=1000","$366.00","Jan-25 19:36","11 bids","7 days","25 Jan 2021 at 7:36:13pm PST","8","User ID
codvaugh23 (
Feedback score
1)",""
"NEW UNOPENED Apple iPad Mini (5th Generation) 64GB, Wi-Fi, - Gold","https://www.ebay.com/itm/NEW-UNOPENED-Apple-iPad-Mini-5th-Generation-64GB-Wi-Fi-Gold/373432817625?epid=13030600264&hash=item56f25497d9%3Ag%3AWT4AAOSw1uZgBlEy&LH_Auction=1&LH_ItemCondition=1000","$366.00","Jan-25 19:36","11 bids","7 days","25 Jan 2021 at 7:36:13pm PST","8","User ID
codvaugh23 (
Feedback score
1)",""
"NEW UNOPENED Apple iPad Mini (5th Generation) 64GB, Wi-Fi, - Gold","https://www.ebay.com/itm/NEW-UNOPENED-Apple-iPad-Mini-5th-Generation-64GB-Wi-Fi-Gold/373432817625?epid=13030600264&hash=item56f25497d9%3Ag%3AWT4AAOSw1uZgBlEy&LH_Auction=1&LH_ItemCondition=1000","$366.00","Jan-25 19:36","11 bids","7 days","25 Jan 2021 at 7:36:13pm PST","8","User ID
codvaugh23","https://www.ebay.com/usr/codvaugh23"
"NEW UNOPENED Apple iPad Mini (5th Generation) 64GB, Wi-Fi, - Gold","https://www.ebay.com/itm/NEW-UNOPENED-Apple-iPad-Mini-5th-Generation-64GB-Wi-Fi-Gold/373432817625?epid=13030600264&hash=item56f25497d9%3Ag%3AWT4AAOSw1uZgBlEy&LH_Auction=1&LH_ItemCondition=1000","$366.00","Jan-25 19:36","11 bids","7 days","25 Jan 2021 at 7:36:13pm PST","8","User ID","https://www.ebay.com/usr/codvaugh23"
"NEW UNOPENED Apple iPad Mini (5th Generation) 64GB, Wi-Fi, - Gold","https://www.ebay.com/itm/NEW-UNOPENED-Apple-iPad-Mini-5th-Generation-64GB-Wi-Fi-Gold/373432817625?epid=13030600264&hash=item56f25497d9%3Ag%3AWT4AAOSw1uZgBlEy&LH_Auction=1&LH_ItemCondition=1000","$366.00","Jan-25 19:36","11 bids","7 days","25 Jan 2021 at 7:36:13pm PST","8","Feedback score
1","http://feedback.ebay.com/ws/eBayISAPI.dll?ViewFeedback2&userid=codvaugh23&ftab=AllFeedback&myworld=true&rt=nc&_trksid=p2545226.m2531.l4585"
"NEW UNOPENED Apple iPad Mini (5th Generation) 64GB, Wi-Fi, - Gold","https://www.ebay.com/itm/NEW-UNOPENED-Apple-iPad-Mini-5th-Generation-64GB-Wi-Fi-Gold/373432817625?epid=13030600264&hash=item56f25497d9%3Ag%3AWT4AAOSw1uZgBlEy&LH_Auction=1&LH_ItemCondition=1000","$366.00","Jan-25 19:36","11 bids","7 days","25 Jan 2021 at 7:36:13pm PST","8","Feedback score","http://feedback.ebay.com/ws/eBayISAPI.dll?ViewFeedback2&userid=codvaugh23&ftab=AllFeedback&myworld=true&rt=nc&_trksid=p2545226.m2531.l4585"
"NEW UNOPENED Apple iPad Mini (5th Generation) 64GB, Wi-Fi, - Gold","https://www.ebay.com/itm/NEW-UNOPENED-Apple-iPad-Mini-5th-Generation-64GB-Wi-Fi-Gold/373432817625?epid=13030600264&hash=item56f25497d9%3Ag%3AWT4AAOSw1uZgBlEy&LH_Auction=1&LH_ItemCondition=1000","$366.00","Jan-25 19:36","11 bids","7 days","25 Jan 2021 at 7:36:13pm PST","8","100% positive feedback",""
"Apple iPad Mini (5th Generation) 64GB, Wi-Fi, 7.9in - Space Gray","https://www.ebay.com/itm/Apple-iPad-Mini-5th-Generation-64GB-Wi-Fi-7-9in-Space-Gray/133645094237?epid=9030594179&hash=item1f1dde4d5d%3Ag%3A%7EjEAAOSw-i1gCz4G&LH_Auction=1&LH_ItemCondition=1000","$275.00","Jan-24 01:12","1 bid","5 days","24 Jan 2021 at 1:12:50am PST","1","User ID
mdsolo2011 (
Feedback score
36)",""
"Apple iPad Mini (5th Generation) 64GB, Wi-Fi, 7.9in - Space Gray","https://www.ebay.com/itm/Apple-iPad-Mini-5th-Generation-64GB-Wi-Fi-7-9in-Space-Gray/133645094237?epid=9030594179&hash=item1f1dde4d5d%3Ag%3A%7EjEAAOSw-i1gCz4G&LH_Auction=1&LH_ItemCondition=1000","$275.00","Jan-24 01:12","1 bid","5 days","24 Jan 2021 at 1:12:50am PST","1","User ID
mdsolo2011 (
Feedback score
36
)",""
"Apple iPad Mini (5th Generation) 64GB, Wi-Fi, 7.9in - Space Gray","https://www.ebay.com/itm/Apple-iPad-Mini-5th-Generation-64GB-Wi-Fi-7-9in-Space-Gray/133645094237?epid=9030594179&hash=item1f1dde4d5d%3Ag%3A%7EjEAAOSw-i1gCz4G&LH_Auction=1&LH_ItemCondition=1000","$275.00","Jan-24 01:12","1 bid","5 days","24 Jan 2021 at 1:12:50am PST","1","User ID
mdsolo2011","https://www.ebay.com/usr/mdsolo2011"
"Apple iPad Mini (5th Generation) 64GB, Wi-Fi, 7.9in - Space Gray","https://www.ebay.com/itm/Apple-iPad-Mini-5th-Generation-64GB-Wi-Fi-7-9in-Space-Gray/133645094237?epid=9030594179&hash=item1f1dde4d5d%3Ag%3A%7EjEAAOSw-i1gCz4G&LH_Auction=1&LH_ItemCondition=1000","$275.00","Jan-24 01:12","1 bid","5 days","24 Jan 2021 at 1:12:50am PST","1","User ID","https://www.ebay.com/usr/mdsolo2011"
"Apple iPad Mini (5th Generation) 64GB, Wi-Fi, 7.9in - Space Gray","https://www.ebay.com/itm/Apple-iPad-Mini-5th-Generation-64GB-Wi-Fi-7-9in-Space-Gray/133645094237?epid=9030594179&hash=item1f1dde4d5d%3Ag%3A%7EjEAAOSw-i1gCz4G&LH_Auction=1&LH_ItemCondition=1000","$275.00","Jan-24 01:12","1 bid","5 days","24 Jan 2021 at 1:12:50am PST","1","Feedback score
36","http://feedback.ebay.com/ws/eBayISAPI.dll?ViewFeedback2&userid=mdsolo2011&ftab=AllFeedback&myworld=true&rt=nc&_trksid=p2545226.m2531.l4585"
"Apple iPad Mini (5th Generation) 64GB, Wi-Fi, 7.9in - Space Gray","https://www.ebay.com/itm/Apple-iPad-Mini-5th-Generation-64GB-Wi-Fi-7-9in-Space-Gray/133645094237?epid=9030594179&hash=item1f1dde4d5d%3Ag%3A%7EjEAAOSw-i1gCz4G&LH_Auction=1&LH_ItemCondition=1000","$275.00","Jan-24 01:12","1 bid","5 days","24 Jan 2021 at 1:12:50am PST","1","Feedback score","http://feedback.ebay.com/ws/eBayISAPI.dll?ViewFeedback2&userid=mdsolo2011&ftab=AllFeedback&myworld=true&rt=nc&_trksid=p2545226.m2531.l4585"
"Apple iPad Mini (5th Generation) 64GB, Wi-Fi, 7.9in - Space Gray","https://www.ebay.com/itm/Apple-iPad-Mini-5th-Generation-64GB-Wi-Fi-7-9in-Space-Gray/133645094237?epid=9030594179&hash=item1f1dde4d5d%3Ag%3A%7EjEAAOSw-i1gCz4G&LH_Auction=1&LH_ItemCondition=1000","$275.00","Jan-24 01:12","1 bid","5 days","24 Jan 2021 at 1:12:50am PST","1","100% positive feedback",""
"SEALED NEW Apple iPad Mini (5th Generation) 64GB, Wi-Fi, Gold A2133","https://www.ebay.com/itm/SEALED-NEW-Apple-iPad-Mini-5th-Generation-64GB-Wi-Fi-Gold-A2133/203248144202?epid=13030600264&hash=item2f52888f4a%3Ag%3A6ZAAAOSwurxgAO-j&LH_Auction=1&LH_ItemCondition=1000","$370.00","Jan-19 17:29","42 bids","5 days","17 Jan 2021 at 1:16:41pm PST","14","User ID
chimec-92 (
Feedback score
30)",""
"SEALED NEW Apple iPad Mini (5th Generation) 64GB, Wi-Fi, Gold A2133","https://www.ebay.com/itm/SEALED-NEW-Apple-iPad-Mini-5th-Generation-64GB-Wi-Fi-Gold-A2133/203248144202?epid=13030600264&hash=item2f52888f4a%3Ag%3A6ZAAAOSwurxgAO-j&LH_Auction=1&LH_ItemCondition=1000","$370.00","Jan-19 17:29","42 bids","5 days","17 Jan 2021 at 1:16:41pm PST","14","User ID
chimec-92 (
Feedback score
30
)",""
"SEALED NEW Apple iPad Mini (5th Generation) 64GB, Wi-Fi, Gold A2133","https://www.ebay.com/itm/SEALED-NEW-Apple-iPad-Mini-5th-Generation-64GB-Wi-Fi-Gold-A2133/203248144202?epid=13030600264&hash=item2f52888f4a%3Ag%3A6ZAAAOSwurxgAO-j&LH_Auction=1&LH_ItemCondition=1000","$370.00","Jan-19 17:29","42 bids","5 days","17 Jan 2021 at 1:16:41pm PST","14","User ID
chimec-92","https://www.ebay.com/usr/chimec-92"
"SEALED NEW Apple iPad Mini (5th Generation) 64GB, Wi-Fi, Gold A2133","https://www.ebay.com/itm/SEALED-NEW-Apple-iPad-Mini-5th-Generation-64GB-Wi-Fi-Gold-A2133/203248144202?epid=13030600264&hash=item2f52888f4a%3Ag%3A6ZAAAOSwurxgAO-j&LH_Auction=1&LH_ItemCondition=1000","$370.00","Jan-19 17:29","42 bids","5 days","17 Jan 2021 at 1:16:41pm PST","14","User ID","https://www.ebay.com/usr/chimec-92"
"SEALED NEW Apple iPad Mini (5th Generation) 64GB, Wi-Fi, Gold A2133","https://www.ebay.com/itm/SEALED-NEW-Apple-iPad-Mini-5th-Generation-64GB-Wi-Fi-Gold-A2133/203248144202?epid=13030600264&hash=item2f52888f4a%3Ag%3A6ZAAAOSwurxgAO-j&LH_Auction=1&LH_ItemCondition=1000","$370.00","Jan-19 17:29","42 bids","5 days","17 Jan 2021 at 1:16:41pm PST","14","Feedback score
30","http://feedback.ebay.com/ws/eBayISAPI.dll?ViewFeedback2&userid=chimec-92&ftab=AllFeedback&myworld=true&rt=nc&_trksid=p2545226.m2531.l4585"
"SEALED NEW Apple iPad Mini (5th Generation) 64GB, Wi-Fi, Gold A2133","https://www.ebay.com/itm/SEALED-NEW-Apple-iPad-Mini-5th-Generation-64GB-Wi-Fi-Gold-A2133/203248144202?epid=13030600264&hash=item2f52888f4a%3Ag%3A6ZAAAOSwurxgAO-j&LH_Auction=1&LH_ItemCondition=1000","$370.00","Jan-19 17:29","42 bids","5 days","17 Jan 2021 at 1:16:41pm PST","14","Feedback score","http://feedback.ebay.com/ws/eBayISAPI.dll?ViewFeedback2&userid=chimec-92&ftab=AllFeedback&myworld=true&rt=nc&_trksid=p2545226.m2531.l4585"
"SEALED NEW Apple iPad Mini (5th Generation) 64GB, Wi-Fi, Gold A2133","https://www.ebay.com/itm/SEALED-NEW-Apple-iPad-Mini-5th-Generation-64GB-Wi-Fi-Gold-A2133/203248144202?epid=13030600264&hash=item2f52888f4a%3Ag%3A6ZAAAOSwurxgAO-j&LH_Auction=1&LH_ItemCondition=1000","$370.00","Jan-19 17:29","42 bids","5 days","17 Jan 2021 at 1:16:41pm PST","14","100% positive feedback",""
"New Sealed iPad Mini (5th Gen) 64GB Wi-Fi Space Gray 7.9in MUQW2LL/A A2133 6429","https://www.ebay.com/itm/New-Sealed-iPad-Mini-5th-Gen-64GB-Wi-Fi-Space-Gray-7-9in-MUQW2LL-A-A2133-6429/363229554487?epid=9030594179&hash=item54922b2737%3Ag%3ArBgAAOSwcEVf4O0U&LH_Auction=1&LH_ItemCondition=1000","$340.00","Jan-18 17:00","17 bids","10 days","Retracted:","10","User ID
louglad0 (
Feedback score
1365)",""
"New Sealed iPad Mini (5th Gen) 64GB Wi-Fi Space Gray 7.9in MUQW2LL/A A2133 6429","https://www.ebay.com/itm/New-Sealed-iPad-Mini-5th-Gen-64GB-Wi-Fi-Space-Gray-7-9in-MUQW2LL-A-A2133-6429/363229554487?epid=9030594179&hash=item54922b2737%3Ag%3ArBgAAOSwcEVf4O0U&LH_Auction=1&LH_ItemCondition=1000","$340.00","Jan-18 17:00","17 bids","10 days","Retracted:","10","User ID
louglad0 (
Feedback score
1365
)",""
"New Sealed iPad Mini (5th Gen) 64GB Wi-Fi Space Gray 7.9in MUQW2LL/A A2133 6429","https://www.ebay.com/itm/New-Sealed-iPad-Mini-5th-Gen-64GB-Wi-Fi-Space-Gray-7-9in-MUQW2LL-A-A2133-6429/363229554487?epid=9030594179&hash=item54922b2737%3Ag%3ArBgAAOSwcEVf4O0U&LH_Auction=1&LH_ItemCondition=1000","$340.00","Jan-18 17:00","17 bids","10 days","Retracted:","10","User ID
louglad0","https://www.ebay.com/usr/louglad0"
"New Sealed iPad Mini (5th Gen) 64GB Wi-Fi Space Gray 7.9in MUQW2LL/A A2133 6429","https://www.ebay.com/itm/New-Sealed-iPad-Mini-5th-Gen-64GB-Wi-Fi-Space-Gray-7-9in-MUQW2LL-A-A2133-6429/363229554487?epid=9030594179&hash=item54922b2737%3Ag%3ArBgAAOSwcEVf4O0U&LH_Auction=1&LH_ItemCondition=1000","$340.00","Jan-18 17:00","17 bids","10 days","Retracted:","10","User ID","https://www.ebay.com/usr/louglad0"
"New Sealed iPad Mini (5th Gen) 64GB Wi-Fi Space Gray 7.9in MUQW2LL/A A2133 6429","https://www.ebay.com/itm/New-Sealed-iPad-Mini-5th-Gen-64GB-Wi-Fi-Space-Gray-7-9in-MUQW2LL-A-A2133-6429/363229554487?epid=9030594179&hash=item54922b2737%3Ag%3ArBgAAOSwcEVf4O0U&LH_Auction=1&LH_ItemCondition=1000","$340.00","Jan-18 17:00","17 bids","10 days","Retracted:","10","Feedback score
1365","http://feedback.ebay.com/ws/eBayISAPI.dll?ViewFeedback2&userid=louglad0&ftab=AllFeedback&myworld=true&rt=nc&_trksid=p2545226.m2531.l4585"
"New Sealed iPad Mini (5th Gen) 64GB Wi-Fi Space Gray 7.9in MUQW2LL/A A2133 6429","https://www.ebay.com/itm/New-Sealed-iPad-Mini-5th-Gen-64GB-Wi-Fi-Space-Gray-7-9in-MUQW2LL-A-A2133-6429/363229554487?epid=9030594179&hash=item54922b2737%3Ag%3ArBgAAOSwcEVf4O0U&LH_Auction=1&LH_ItemCondition=1000","$340.00","Jan-18 17:00","17 bids","10 days","Retracted:","10","Feedback score","http://feedback.ebay.com/ws/eBayISAPI.dll?ViewFeedback2&userid=louglad0&ftab=AllFeedback&myworld=true&rt=nc&_trksid=p2545226.m2531.l4585"
"New Sealed iPad Mini (5th Gen) 64GB Wi-Fi Space Gray 7.9in MUQW2LL/A A2133 6429","https://www.ebay.com/itm/New-Sealed-iPad-Mini-5th-Gen-64GB-Wi-Fi-Space-Gray-7-9in-MUQW2LL-A-A2133-6429/363229554487?epid=9030594179&hash=item54922b2737%3Ag%3ArBgAAOSwcEVf4O0U&LH_Auction=1&LH_ItemCondition=1000","$340.00","Jan-18 17:00","17 bids","10 days","Retracted:","10","99.6% positive feedback",""
"iPad Mini LATEST (5th Generation) 64GB, Wi-Fi, 7.9in - Gold NEW SEALED! 6426","https://www.ebay.com/itm/iPad-Mini-LATEST-5th-Generation-64GB-Wi-Fi-7-9in-Gold-NEW-SEALED-6426/363229564890?epid=13030600264&hash=item54922b4fda%3Ag%3AdRYAAOSwct5f4PEk&LH_Auction=1&LH_ItemCondition=1000","$335.00","Jan-18 16:15","6 bids","10 days","18 Jan 2021 at 2:53:42pm PST","3","",""
"Apple iPad Mini (5th Generation) 64GB, Wi-Fi, 7.9in - Space Gray 6428","https://www.ebay.com/itm/Apple-iPad-Mini-5th-Generation-64GB-Wi-Fi-7-9in-Space-Gray-6428/363229556840?epid=9030594179&hash=item54922b3068%3Ag%3AdRUAAOSwzq5f4O6Z&LH_Auction=1&LH_ItemCondition=1000","$345.00","Jan-18 16:00","7 bids","10 days","18 Jan 2021 at 8:06:27am PST","4","",""
"Apple iPad Mini (5th Generation) 64GB, Wi-Fi, 7.9in, Space Gray, Factory Sealed!","https://www.ebay.com/itm/Apple-iPad-Mini-5th-Generation-64GB-Wi-Fi-7-9in-Space-Gray-Factory-Sealed/114624194741?epid=2301649792&hash=item1ab02268b5%3Ag%3AflQAAOSwScBf-6hH&LH_Auction=1&LH_ItemCondition=1000","$375.00","Jan-17 17:24","15 bids","7 days","Retracted:","8","",""
"Apple iPad Mini (5th Generation) 64GB, Wi-Fi, 7.9in - Space Gray - Brand New","https://www.ebay.com/itm/Apple-iPad-Mini-5th-Generation-64GB-Wi-Fi-7-9in-Space-Gray-Brand-New/184616033022?epid=9030594179&hash=item2afbf91afe%3Ag%3A4XAAAOSwyW9f-4qk&LH_Auction=1&LH_ItemCondition=1000","$370.00","Jan-17 15:17","17 bids","7 days","Cancelled:","12","User ID
tiffey (
Feedback score
602)",""
"Apple iPad Mini (5th Generation) 64GB, Wi-Fi, 7.9in - Space Gray - Brand New","https://www.ebay.com/itm/Apple-iPad-Mini-5th-Generation-64GB-Wi-Fi-7-9in-Space-Gray-Brand-New/184616033022?epid=9030594179&hash=item2afbf91afe%3Ag%3A4XAAAOSwyW9f-4qk&LH_Auction=1&LH_ItemCondition=1000","$370.00","Jan-17 15:17","17 bids","7 days","Cancelled:","12","User ID
tiffey (
Feedback score
602
)",""
"Apple iPad Mini (5th Generation) 64GB, Wi-Fi, 7.9in - Space Gray - Brand New","https://www.ebay.com/itm/Apple-iPad-Mini-5th-Generation-64GB-Wi-Fi-7-9in-Space-Gray-Brand-New/184616033022?epid=9030594179&hash=item2afbf91afe%3Ag%3A4XAAAOSwyW9f-4qk&LH_Auction=1&LH_ItemCondition=1000","$370.00","Jan-17 15:17","17 bids","7 days","Cancelled:","12","User ID
tiffey","https://www.ebay.com/usr/tiffey"
"Apple iPad Mini (5th Generation) 64GB, Wi-Fi, 7.9in - Space Gray - Brand New","https://www.ebay.com/itm/Apple-iPad-Mini-5th-Generation-64GB-Wi-Fi-7-9in-Space-Gray-Brand-New/184616033022?epid=9030594179&hash=item2afbf91afe%3Ag%3A4XAAAOSwyW9f-4qk&LH_Auction=1&LH_ItemCondition=1000","$370.00","Jan-17 15:17","17 bids","7 days","Cancelled:","12","User ID","https://www.ebay.com/usr/tiffey"
"Apple iPad Mini (5th Generation) 64GB, Wi-Fi, 7.9in - Space Gray - Brand New","https://www.ebay.com/itm/Apple-iPad-Mini-5th-Generation-64GB-Wi-Fi-7-9in-Space-Gray-Brand-New/184616033022?epid=9030594179&hash=item2afbf91afe%3Ag%3A4XAAAOSwyW9f-4qk&LH_Auction=1&LH_ItemCondition=1000","$370.00","Jan-17 15:17","17 bids","7 days","Cancelled:","12","Feedback score
602","http://feedback.ebay.com/ws/eBayISAPI.dll?ViewFeedback2&userid=tiffey&ftab=AllFeedback&myworld=true&rt=nc&_trksid=p2545226.m2531.l4585"
"Apple iPad Mini (5th Generation) 64GB, Wi-Fi, 7.9in - Space Gray - Brand New","https://www.ebay.com/itm/Apple-iPad-Mini-5th-Generation-64GB-Wi-Fi-7-9in-Space-Gray-Brand-New/184616033022?epid=9030594179&hash=item2afbf91afe%3Ag%3A4XAAAOSwyW9f-4qk&LH_Auction=1&LH_ItemCondition=1000","$370.00","Jan-17 15:17","17 bids","7 days","Cancelled:","12","Feedback score","http://feedback.ebay.com/ws/eBayISAPI.dll?ViewFeedback2&userid=tiffey&ftab=AllFeedback&myworld=true&rt=nc&_trksid=p2545226.m2531.l4585"
"Apple iPad Mini (5th Generation) 64GB, Wi-Fi, 7.9in - Space Gray - Brand New","https://www.ebay.com/itm/Apple-iPad-Mini-5th-Generation-64GB-Wi-Fi-7-9in-Space-Gray-Brand-New/184616033022?epid=9030594179&hash=item2afbf91afe%3Ag%3A4XAAAOSwyW9f-4qk&LH_Auction=1&LH_ItemCondition=1000","$370.00","Jan-17 15:17","17 bids","7 days","Cancelled:","12","100% positive feedback",""
"Apple iPad Mini (5th Generation) 64GB, Wi-Fi 4G (Unlocked), 7.9in - Gold","https://www.ebay.com/itm/Apple-iPad-Mini-5th-Generation-64GB-Wi-Fi-4G-Unlocked-7-9in-Gold/193845870401?epid=24030595035&hash=item2d221d3f41%3Ag%3A%7ERYAAOSwJTxf%7ENpp&LH_Auction=1&LH_ItemCondition=1000","$430.00","Jan-16 15:10","6 bids","5 days","16 Jan 2021 at 12:42:37pm PST","3","",""
"Apple iPad Mini (5th Generation) 64GB, Wi-Fi, 7.9in - Space Gray","https://www.ebay.com/itm/Apple-iPad-Mini-5th-Generation-64GB-Wi-Fi-7-9in-Space-Gray/303841074224?epid=9030594179&hash=item46be56dc30%3Ag%3AZigAAOSw6hhf-cXq&LH_Auction=1&LH_ItemCondition=1000","$318.00","Jan-16 07:07","26 bids","7 days","Retracted:","14","User ID
therion102 (
Feedback score
1013)",""
"Apple iPad Mini (5th Generation) 64GB, Wi-Fi, 7.9in - Space Gray","https://www.ebay.com/itm/Apple-iPad-Mini-5th-Generation-64GB-Wi-Fi-7-9in-Space-Gray/303841074224?epid=9030594179&hash=item46be56dc30%3Ag%3AZigAAOSw6hhf-cXq&LH_Auction=1&LH_ItemCondition=1000","$318.00","Jan-16 07:07","26 bids","7 days","Retracted:","14","User ID
therion102 (
Feedback score
1013
)",""
"Apple iPad Mini (5th Generation) 64GB, Wi-Fi, 7.9in - Space Gray","https://www.ebay.com/itm/Apple-iPad-Mini-5th-Generation-64GB-Wi-Fi-7-9in-Space-Gray/303841074224?epid=9030594179&hash=item46be56dc30%3Ag%3AZigAAOSw6hhf-cXq&LH_Auction=1&LH_ItemCondition=1000","$318.00","Jan-16 07:07","26 bids","7 days","Retracted:","14","User ID
therion102","https://www.ebay.com/usr/therion102"
"Apple iPad Mini (5th Generation) 64GB, Wi-Fi, 7.9in - Space Gray","https://www.ebay.com/itm/Apple-iPad-Mini-5th-Generation-64GB-Wi-Fi-7-9in-Space-Gray/303841074224?epid=9030594179&hash=item46be56dc30%3Ag%3AZigAAOSw6hhf-cXq&LH_Auction=1&LH_ItemCondition=1000","$318.00","Jan-16 07:07","26 bids","7 days","Retracted:","14","User ID","https://www.ebay.com/usr/therion102"
"Apple iPad Mini (5th Generation) 64GB, Wi-Fi, 7.9in - Space Gray","https://www.ebay.com/itm/Apple-iPad-Mini-5th-Generation-64GB-Wi-Fi-7-9in-Space-Gray/303841074224?epid=9030594179&hash=item46be56dc30%3Ag%3AZigAAOSw6hhf-cXq&LH_Auction=1&LH_ItemCondition=1000","$318.00","Jan-16 07:07","26 bids","7 days","Retracted:","14","Feedback score
1013","http://feedback.ebay.com/ws/eBayISAPI.dll?ViewFeedback2&userid=therion102&ftab=AllFeedback&myworld=true&rt=nc&_trksid=p2545226.m2531.l4585"
"Apple iPad Mini (5th Generation) 64GB, Wi-Fi, 7.9in - Space Gray","https://www.ebay.com/itm/Apple-iPad-Mini-5th-Generation-64GB-Wi-Fi-7-9in-Space-Gray/303841074224?epid=9030594179&hash=item46be56dc30%3Ag%3AZigAAOSw6hhf-cXq&LH_Auction=1&LH_ItemCondition=1000","$318.00","Jan-16 07:07","26 bids","7 days","Retracted:","14","Feedback score","http://feedback.ebay.com/ws/eBayISAPI.dll?ViewFeedback2&userid=therion102&ftab=AllFeedback&myworld=true&rt=nc&_trksid=p2545226.m2531.l4585"
"Apple iPad Mini (5th Generation) 64GB, Wi-Fi, 7.9in - Space Gray","https://www.ebay.com/itm/Apple-iPad-Mini-5th-Generation-64GB-Wi-Fi-7-9in-Space-Gray/303841074224?epid=9030594179&hash=item46be56dc30%3Ag%3AZigAAOSw6hhf-cXq&LH_Auction=1&LH_ItemCondition=1000","$318.00","Jan-16 07:07","26 bids","7 days","Retracted:","14","99.3% positive feedback",""
"New Apple iPad Mini (5th Gen.) 64GB, Wi-Fi, 7.9in - Space Gray - Factory Sealed","https://www.ebay.com/itm/New-Apple-iPad-Mini-5th-Gen-64GB-Wi-Fi-7-9in-Space-Gray-Factory-Sealed/254830318061?epid=9030594179&hash=item3b551211ed%3Ag%3A2yMAAOSwh1df-iJH&LH_Auction=1&LH_ItemCondition=1000","$362.00","Jan-14 13:43","47 bids","5 days","14 Jan 2021 at 1:31:30pm PST","20","User ID
bluejaymodern (
Feedback score
428)",""
"New Apple iPad Mini (5th Gen.) 64GB, Wi-Fi, 7.9in - Space Gray - Factory Sealed","https://www.ebay.com/itm/New-Apple-iPad-Mini-5th-Gen-64GB-Wi-Fi-7-9in-Space-Gray-Factory-Sealed/254830318061?epid=9030594179&hash=item3b551211ed%3Ag%3A2yMAAOSwh1df-iJH&LH_Auction=1&LH_ItemCondition=1000","$362.00","Jan-14 13:43","47 bids","5 days","14 Jan 2021 at 1:31:30pm PST","20","User ID
bluejaymodern (
Feedback score
428
)",""
"New Apple iPad Mini (5th Gen.) 64GB, Wi-Fi, 7.9in - Space Gray - Factory Sealed","https://www.ebay.com/itm/New-Apple-iPad-Mini-5th-Gen-64GB-Wi-Fi-7-9in-Space-Gray-Factory-Sealed/254830318061?epid=9030594179&hash=item3b551211ed%3Ag%3A2yMAAOSwh1df-iJH&LH_Auction=1&LH_ItemCondition=1000","$362.00","Jan-14 13:43","47 bids","5 days","14 Jan 2021 at 1:31:30pm PST","20","User ID
bluejaymodern","https://www.ebay.com/usr/bluejaymodern"
"New Apple iPad Mini (5th Gen.) 64GB, Wi-Fi, 7.9in - Space Gray - Factory Sealed","https://www.ebay.com/itm/New-Apple-iPad-Mini-5th-Gen-64GB-Wi-Fi-7-9in-Space-Gray-Factory-Sealed/254830318061?epid=9030594179&hash=item3b551211ed%3Ag%3A2yMAAOSwh1df-iJH&LH_Auction=1&LH_ItemCondition=1000","$362.00","Jan-14 13:43","47 bids","5 days","14 Jan 2021 at 1:31:30pm PST","20","User ID","https://www.ebay.com/usr/bluejaymodern"
"New Apple iPad Mini (5th Gen.) 64GB, Wi-Fi, 7.9in - Space Gray - Factory Sealed","https://www.ebay.com/itm/New-Apple-iPad-Mini-5th-Gen-64GB-Wi-Fi-7-9in-Space-Gray-Factory-Sealed/254830318061?epid=9030594179&hash=item3b551211ed%3Ag%3A2yMAAOSwh1df-iJH&LH_Auction=1&LH_ItemCondition=1000","$362.00","Jan-14 13:43","47 bids","5 days","14 Jan 2021 at 1:31:30pm PST","20","Feedback score
428","http://feedback.ebay.com/ws/eBayISAPI.dll?ViewFeedback2&userid=bluejaymodern&ftab=AllFeedback&myworld=true&rt=nc&_trksid=p2545226.m2531.l4585"
"New Apple iPad Mini (5th Gen.) 64GB, Wi-Fi, 7.9in - Space Gray - Factory Sealed","https://www.ebay.com/itm/New-Apple-iPad-Mini-5th-Gen-64GB-Wi-Fi-7-9in-Space-Gray-Factory-Sealed/254830318061?epid=9030594179&hash=item3b551211ed%3Ag%3A2yMAAOSwh1df-iJH&LH_Auction=1&LH_ItemCondition=1000","$362.00","Jan-14 13:43","47 bids","5 days","14 Jan 2021 at 1:31:30pm PST","20","Feedback score","http://feedback.ebay.com/ws/eBayISAPI.dll?ViewFeedback2&userid=bluejaymodern&ftab=AllFeedback&myworld=true&rt=nc&_trksid=p2545226.m2531.l4585"
"New Apple iPad Mini (5th Gen.) 64GB, Wi-Fi, 7.9in - Space Gray - Factory Sealed","https://www.ebay.com/itm/New-Apple-iPad-Mini-5th-Gen-64GB-Wi-Fi-7-9in-Space-Gray-Factory-Sealed/254830318061?epid=9030594179&hash=item3b551211ed%3Ag%3A2yMAAOSwh1df-iJH&LH_Auction=1&LH_ItemCondition=1000","$362.00","Jan-14 13:43","47 bids","5 days","14 Jan 2021 at 1:31:30pm PST","20","100% positive feedback",""
"New Sealed Apple iPad Mini (5th Generation) 64GB, Wi-Fi, 7.9in - Space Gray","https://www.ebay.com/itm/New-Sealed-Apple-iPad-Mini-5th-Generation-64GB-Wi-Fi-7-9in-Space-Gray/254830075026?hash=item3b550e5c92%3Ag%3AwVgAAOSwDgtf77d2&LH_Auction=1&LH_ItemCondition=1000","$359.99","Jan-14 08:44","1 bid","","","","",""
"Apple iPad Mini (5th Generation) 64GB, Wi-Fi, 7.9in - Space Gray -Factory Sealed","https://www.ebay.com/itm/Apple-iPad-Mini-5th-Generation-64GB-Wi-Fi-7-9in-Space-Gray-Factory-Sealed/133629355672?epid=9030594179&hash=item1f1cee2698%3Ag%3AMp4AAOSwT4xf64xu&LH_Auction=1&LH_ItemCondition=1000","$315.00","Jan-13 04:30","6 bids","7 days","13 Jan 2021 at 4:29:13am PST","4","User ID
dru1331 (
Feedback score
51)",""
"Apple iPad Mini (5th Generation) 64GB, Wi-Fi, 7.9in - Space Gray -Factory Sealed","https://www.ebay.com/itm/Apple-iPad-Mini-5th-Generation-64GB-Wi-Fi-7-9in-Space-Gray-Factory-Sealed/133629355672?epid=9030594179&hash=item1f1cee2698%3Ag%3AMp4AAOSwT4xf64xu&LH_Auction=1&LH_ItemCondition=1000","$315.00","Jan-13 04:30","6 bids","7 days","13 Jan 2021 at 4:29:13am PST","4","User ID
dru1331 (
Feedback score
51
)",""
"Apple iPad Mini (5th Generation) 64GB, Wi-Fi, 7.9in - Space Gray -Factory Sealed","https://www.ebay.com/itm/Apple-iPad-Mini-5th-Generation-64GB-Wi-Fi-7-9in-Space-Gray-Factory-Sealed/133629355672?epid=9030594179&hash=item1f1cee2698%3Ag%3AMp4AAOSwT4xf64xu&LH_Auction=1&LH_ItemCondition=1000","$315.00","Jan-13 04:30","6 bids","7 days","13 Jan 2021 at 4:29:13am PST","4","User ID
dru1331","https://www.ebay.com/usr/dru1331"
"Apple iPad Mini (5th Generation) 64GB, Wi-Fi, 7.9in - Space Gray -Factory Sealed","https://www.ebay.com/itm/Apple-iPad-Mini-5th-Generation-64GB-Wi-Fi-7-9in-Space-Gray-Factory-Sealed/133629355672?epid=9030594179&hash=item1f1cee2698%3Ag%3AMp4AAOSwT4xf64xu&LH_Auction=1&LH_ItemCondition=1000","$315.00","Jan-13 04:30","6 bids","7 days","13 Jan 2021 at 4:29:13am PST","4","User ID","https://www.ebay.com/usr/dru1331"
"Apple iPad Mini (5th Generation) 64GB, Wi-Fi, 7.9in - Space Gray -Factory Sealed","https://www.ebay.com/itm/Apple-iPad-Mini-5th-Generation-64GB-Wi-Fi-7-9in-Space-Gray-Factory-Sealed/133629355672?epid=9030594179&hash=item1f1cee2698%3Ag%3AMp4AAOSwT4xf64xu&LH_Auction=1&LH_ItemCondition=1000","$315.00","Jan-13 04:30","6 bids","7 days","13 Jan 2021 at 4:29:13am PST","4","Feedback score
51","http://feedback.ebay.com/ws/eBayISAPI.dll?ViewFeedback2&userid=dru1331&ftab=AllFeedback&myworld=true&rt=nc&_trksid=p2545226.m2531.l4585"
"Apple iPad Mini (5th Generation) 64GB, Wi-Fi, 7.9in - Space Gray -Factory Sealed","https://www.ebay.com/itm/Apple-iPad-Mini-5th-Generation-64GB-Wi-Fi-7-9in-Space-Gray-Factory-Sealed/133629355672?epid=9030594179&hash=item1f1cee2698%3Ag%3AMp4AAOSwT4xf64xu&LH_Auction=1&LH_ItemCondition=1000","$315.00","Jan-13 04:30","6 bids","7 days","13 Jan 2021 at 4:29:13am PST","4","Feedback score","http://feedback.ebay.com/ws/eBayISAPI.dll?ViewFeedback2&userid=dru1331&ftab=AllFeedback&myworld=true&rt=nc&_trksid=p2545226.m2531.l4585"
"Apple iPad Mini (5th Generation) 64GB, Wi-Fi, 7.9in - Space Gray -Factory Sealed","https://www.ebay.com/itm/Apple-iPad-Mini-5th-Generation-64GB-Wi-Fi-7-9in-Space-Gray-Factory-Sealed/133629355672?epid=9030594179&hash=item1f1cee2698%3Ag%3AMp4AAOSwT4xf64xu&LH_Auction=1&LH_ItemCondition=1000","$315.00","Jan-13 04:30","6 bids","7 days","13 Jan 2021 at 4:29:13am PST","4","100% positive feedback",""
"APPLE IPAD MINI 64GB~ 5TH GENERATION~ SPACE GRAY~ WIFI~ BRAND NEW~ SEALED~","https://www.ebay.com/itm/APPLE-IPAD-MINI-64GB-5TH-GENERATION-SPACE-GRAY-WIFI-BRAND-NEW-SEALED/303831874763?epid=9030594179&hash=item46bdca7ccb%3Ag%3A7sQAAOSwZzdf0bJK&LH_Auction=1&LH_ItemCondition=1000","$375.00","Jan-5 21:33","61 bids","5 days","Cancelled:","16","User ID
1dollaheiny (
Feedback score
25169)",""
"APPLE IPAD MINI 64GB~ 5TH GENERATION~ SPACE GRAY~ WIFI~ BRAND NEW~ SEALED~","https://www.ebay.com/itm/APPLE-IPAD-MINI-64GB-5TH-GENERATION-SPACE-GRAY-WIFI-BRAND-NEW-SEALED/303831874763?epid=9030594179&hash=item46bdca7ccb%3Ag%3A7sQAAOSwZzdf0bJK&LH_Auction=1&LH_ItemCondition=1000","$375.00","Jan-5 21:33","61 bids","5 days","Cancelled:","16","User ID
1dollaheiny (
Feedback score
25169
)",""
"APPLE IPAD MINI 64GB~ 5TH GENERATION~ SPACE GRAY~ WIFI~ BRAND NEW~ SEALED~","https://www.ebay.com/itm/APPLE-IPAD-MINI-64GB-5TH-GENERATION-SPACE-GRAY-WIFI-BRAND-NEW-SEALED/303831874763?epid=9030594179&hash=item46bdca7ccb%3Ag%3A7sQAAOSwZzdf0bJK&LH_Auction=1&LH_ItemCondition=1000","$375.00","Jan-5 21:33","61 bids","5 days","Cancelled:","16","User ID
1dollaheiny","https://www.ebay.com/usr/1dollaheiny"
"APPLE IPAD MINI 64GB~ 5TH GENERATION~ SPACE GRAY~ WIFI~ BRAND NEW~ SEALED~","https://www.ebay.com/itm/APPLE-IPAD-MINI-64GB-5TH-GENERATION-SPACE-GRAY-WIFI-BRAND-NEW-SEALED/303831874763?epid=9030594179&hash=item46bdca7ccb%3Ag%3A7sQAAOSwZzdf0bJK&LH_Auction=1&LH_ItemCondition=1000","$375.00","Jan-5 21:33","61 bids","5 days","Cancelled:","16","User ID","https://www.ebay.com/usr/1dollaheiny"
"APPLE IPAD MINI 64GB~ 5TH GENERATION~ SPACE GRAY~ WIFI~ BRAND NEW~ SEALED~","https://www.ebay.com/itm/APPLE-IPAD-MINI-64GB-5TH-GENERATION-SPACE-GRAY-WIFI-BRAND-NEW-SEALED/303831874763?epid=9030594179&hash=item46bdca7ccb%3Ag%3A7sQAAOSwZzdf0bJK&LH_Auction=1&LH_ItemCondition=1000","$375.00","Jan-5 21:33","61 bids","5 days","Cancelled:","16","Feedback score
25169","http://feedback.ebay.com/ws/eBayISAPI.dll?ViewFeedback2&userid=1dollaheiny&ftab=AllFeedback&myworld=true&rt=nc&_trksid=p2545226.m2531.l4585"
"APPLE IPAD MINI 64GB~ 5TH GENERATION~ SPACE GRAY~ WIFI~ BRAND NEW~ SEALED~","https://www.ebay.com/itm/APPLE-IPAD-MINI-64GB-5TH-GENERATION-SPACE-GRAY-WIFI-BRAND-NEW-SEALED/303831874763?epid=9030594179&hash=item46bdca7ccb%3Ag%3A7sQAAOSwZzdf0bJK&LH_Auction=1&LH_ItemCondition=1000","$375.00","Jan-5 21:33","61 bids","5 days","Cancelled:","16","Feedback score","http://feedback.ebay.com/ws/eBayISAPI.dll?ViewFeedback2&userid=1dollaheiny&ftab=AllFeedback&myworld=true&rt=nc&_trksid=p2545226.m2531.l4585"
"APPLE IPAD MINI 64GB~ 5TH GENERATION~ SPACE GRAY~ WIFI~ BRAND NEW~ SEALED~","https://www.ebay.com/itm/APPLE-IPAD-MINI-64GB-5TH-GENERATION-SPACE-GRAY-WIFI-BRAND-NEW-SEALED/303831874763?epid=9030594179&hash=item46bdca7ccb%3Ag%3A7sQAAOSwZzdf0bJK&LH_Auction=1&LH_ItemCondition=1000","$375.00","Jan-5 21:33","61 bids","5 days","Cancelled:","16","99.7% positive feedback",""
"Apple iPad Mini (5th Generation) 64GB, Wi-Fi, 7.9in - Space Gray -Factory Sealed","https://www.ebay.com/itm/Apple-iPad-Mini-5th-Generation-64GB-Wi-Fi-7-9in-Space-Gray-Factory-Sealed/133622092715?epid=9030594179&hash=item1f1c7f53ab%3Ag%3AMp4AAOSwT4xf64xu&LH_Auction=1&LH_ItemCondition=1000","$325.00","Jan-5 12:30","13 bids","7 days","5 Jan 2021 at 11:03:10am PST","9","",""
"Apple iPad Mini (5th Generation) 64GB Gold Model A2133 BRAND NEW","https://www.ebay.com/itm/Apple-iPad-Mini-5th-Generation-64GB-Gold-Model-A2133-BRAND-NEW/373404606672?epid=13030600264&hash=item56f0a620d0%3Ag%3AZ%7EsAAOSwfzJeNtQB&LH_Auction=1&LH_ItemCondition=1000","$375.00","Jan-3 20:17","43 bids","10 days","27 Dec 2020 at 8:04:30pm PST","16","",""
"Apple iPad Mini (5th Gen) 64GB, Wi-Fi, 7.9in, Silver, New, Factory Sealed.","https://www.ebay.com/itm/Apple-iPad-Mini-5th-Gen-64GB-Wi-Fi-7-9in-Silver-New-Factory-Sealed/133626212999?epid=2301649792&hash=item1f1cbe3287%3Ag%3AdMAAAOSwmS9f6pKj&LH_Auction=1&LH_ItemCondition=1000","$350.00","Jan-3 04:21","1 bid","5 days","3 Jan 2021 at 4:21:34am PST","1","User ID
edwarpeople-2 (
Feedback score
23)",""
"Apple iPad Mini (5th Gen) 64GB, Wi-Fi, 7.9in, Silver, New, Factory Sealed.","https://www.ebay.com/itm/Apple-iPad-Mini-5th-Gen-64GB-Wi-Fi-7-9in-Silver-New-Factory-Sealed/133626212999?epid=2301649792&hash=item1f1cbe3287%3Ag%3AdMAAAOSwmS9f6pKj&LH_Auction=1&LH_ItemCondition=1000","$350.00","Jan-3 04:21","1 bid","5 days","3 Jan 2021 at 4:21:34am PST","1","User ID
edwarpeople-2 (
Feedback score
23
)",""
"Apple iPad Mini (5th Gen) 64GB, Wi-Fi, 7.9in, Silver, New, Factory Sealed.","https://www.ebay.com/itm/Apple-iPad-Mini-5th-Gen-64GB-Wi-Fi-7-9in-Silver-New-Factory-Sealed/133626212999?epid=2301649792&hash=item1f1cbe3287%3Ag%3AdMAAAOSwmS9f6pKj&LH_Auction=1&LH_ItemCondition=1000","$350.00","Jan-3 04:21","1 bid","5 days","3 Jan 2021 at 4:21:34am PST","1","User ID
edwarpeople-2","https://www.ebay.com/usr/edwarpeople-2"
"Apple iPad Mini (5th Gen) 64GB, Wi-Fi, 7.9in, Silver, New, Factory Sealed.","https://www.ebay.com/itm/Apple-iPad-Mini-5th-Gen-64GB-Wi-Fi-7-9in-Silver-New-Factory-Sealed/133626212999?epid=2301649792&hash=item1f1cbe3287%3Ag%3AdMAAAOSwmS9f6pKj&LH_Auction=1&LH_ItemCondition=1000","$350.00","Jan-3 04:21","1 bid","5 days","3 Jan 2021 at 4:21:34am PST","1","User ID","https://www.ebay.com/usr/edwarpeople-2"
"Apple iPad Mini (5th Gen) 64GB, Wi-Fi, 7.9in, Silver, New, Factory Sealed.","https://www.ebay.com/itm/Apple-iPad-Mini-5th-Gen-64GB-Wi-Fi-7-9in-Silver-New-Factory-Sealed/133626212999?epid=2301649792&hash=item1f1cbe3287%3Ag%3AdMAAAOSwmS9f6pKj&LH_Auction=1&LH_ItemCondition=1000","$350.00","Jan-3 04:21","1 bid","5 days","3 Jan 2021 at 4:21:34am PST","1","Feedback score
23","http://feedback.ebay.com/ws/eBayISAPI.dll?ViewFeedback2&userid=edwarpeople-2&ftab=AllFeedback&myworld=true&rt=nc&_trksid=p2545226.m2531.l4585"
"Apple iPad Mini (5th Gen) 64GB, Wi-Fi, 7.9in, Silver, New, Factory Sealed.","https://www.ebay.com/itm/Apple-iPad-Mini-5th-Gen-64GB-Wi-Fi-7-9in-Silver-New-Factory-Sealed/133626212999?epid=2301649792&hash=item1f1cbe3287%3Ag%3AdMAAAOSwmS9f6pKj&LH_Auction=1&LH_ItemCondition=1000","$350.00","Jan-3 04:21","1 bid","5 days","3 Jan 2021 at 4:21:34am PST","1","Feedback score","http://feedback.ebay.com/ws/eBayISAPI.dll?ViewFeedback2&userid=edwarpeople-2&ftab=AllFeedback&myworld=true&rt=nc&_trksid=p2545226.m2531.l4585"
"Apple iPad Mini (5th Gen) 64GB, Wi-Fi, 7.9in, Silver, New, Factory Sealed.","https://www.ebay.com/itm/Apple-iPad-Mini-5th-Gen-64GB-Wi-Fi-7-9in-Silver-New-Factory-Sealed/133626212999?epid=2301649792&hash=item1f1cbe3287%3Ag%3AdMAAAOSwmS9f6pKj&LH_Auction=1&LH_ItemCondition=1000","$350.00","Jan-3 04:21","1 bid","5 days","3 Jan 2021 at 4:21:34am PST","1","100% positive feedback",""
"Apple iPad Mini (5th Gen) 64GB, Wi-Fi, 7.9in, Silver, New, Factory Sealed.","https://www.ebay.com/itm/Apple-iPad-Mini-5th-Gen-64GB-Wi-Fi-7-9in-Silver-New-Factory-Sealed/133621203247?epid=2301649792&hash=item1f1c71c12f%3Ag%3AdMAAAOSwmS9f6pKj&LH_Auction=1&LH_ItemCondition=1000","$360.00","Jan-2 18:22","12 bids","5 days","2 Jan 2021 at 6:08:36pm PST","8","",""
"Apple iPad Mini (5th Generation) 64GB, Wi-Fi, 7.9in - Space Gray","https://www.ebay.com/itm/Apple-iPad-Mini-5th-Generation-64GB-Wi-Fi-7-9in-Space-Gray/254818412728?epid=9030594179&hash=item3b545c68b8%3Ag%3AhbsAAOSw8Stf6BCq&LH_Auction=1&LH_ItemCondition=1000","$340.00","Dec-29 20:44","10 bids","3 days","Cancelled:","6","User ID
sourcescript (
Feedback score
78)",""
"Apple iPad Mini (5th Generation) 64GB, Wi-Fi, 7.9in - Space Gray","https://www.ebay.com/itm/Apple-iPad-Mini-5th-Generation-64GB-Wi-Fi-7-9in-Space-Gray/254818412728?epid=9030594179&hash=item3b545c68b8%3Ag%3AhbsAAOSw8Stf6BCq&LH_Auction=1&LH_ItemCondition=1000","$340.00","Dec-29 20:44","10 bids","3 days","Cancelled:","6","User ID
sourcescript (
Feedback score
78
)",""
"Apple iPad Mini (5th Generation) 64GB, Wi-Fi, 7.9in - Space Gray","https://www.ebay.com/itm/Apple-iPad-Mini-5th-Generation-64GB-Wi-Fi-7-9in-Space-Gray/254818412728?epid=9030594179&hash=item3b545c68b8%3Ag%3AhbsAAOSw8Stf6BCq&LH_Auction=1&LH_ItemCondition=1000","$340.00","Dec-29 20:44","10 bids","3 days","Cancelled:","6","User ID
sourcescript","https://www.ebay.com/usr/sourcescript"
"Apple iPad Mini (5th Generation) 64GB, Wi-Fi, 7.9in - Space Gray","https://www.ebay.com/itm/Apple-iPad-Mini-5th-Generation-64GB-Wi-Fi-7-9in-Space-Gray/254818412728?epid=9030594179&hash=item3b545c68b8%3Ag%3AhbsAAOSw8Stf6BCq&LH_Auction=1&LH_ItemCondition=1000","$340.00","Dec-29 20:44","10 bids","3 days","Cancelled:","6","User ID","https://www.ebay.com/usr/sourcescript"
"Apple iPad Mini (5th Generation) 64GB, Wi-Fi, 7.9in - Space Gray","https://www.ebay.com/itm/Apple-iPad-Mini-5th-Generation-64GB-Wi-Fi-7-9in-Space-Gray/254818412728?epid=9030594179&hash=item3b545c68b8%3Ag%3AhbsAAOSw8Stf6BCq&LH_Auction=1&LH_ItemCondition=1000","$340.00","Dec-29 20:44","10 bids","3 days","Cancelled:","6","Feedback score
78","http://feedback.ebay.com/ws/eBayISAPI.dll?ViewFeedback2&userid=sourcescript&ftab=AllFeedback&myworld=true&rt=nc&_trksid=p2545226.m2531.l4585"
"Apple iPad Mini (5th Generation) 64GB, Wi-Fi, 7.9in - Space Gray","https://www.ebay.com/itm/Apple-iPad-Mini-5th-Generation-64GB-Wi-Fi-7-9in-Space-Gray/254818412728?epid=9030594179&hash=item3b545c68b8%3Ag%3AhbsAAOSw8Stf6BCq&LH_Auction=1&LH_ItemCondition=1000","$340.00","Dec-29 20:44","10 bids","3 days","Cancelled:","6","Feedback score","http://feedback.ebay.com/ws/eBayISAPI.dll?ViewFeedback2&userid=sourcescript&ftab=AllFeedback&myworld=true&rt=nc&_trksid=p2545226.m2531.l4585"
"Apple iPad Mini (5th Generation) 64GB, Wi-Fi, 7.9in - Space Gray","https://www.ebay.com/itm/Apple-iPad-Mini-5th-Generation-64GB-Wi-Fi-7-9in-Space-Gray/254818412728?epid=9030594179&hash=item3b545c68b8%3Ag%3AhbsAAOSw8Stf6BCq&LH_Auction=1&LH_ItemCondition=1000","$340.00","Dec-29 20:44","10 bids","3 days","Cancelled:","6","100% positive feedback",""
"Apple iPad Mini (5th Gen) 64GB, Wi-Fi, 7.9in, Silver, New, Factory Sealed.","https://www.ebay.com/itm/Apple-iPad-Mini-5th-Gen-64GB-Wi-Fi-7-9in-Silver-New-Factory-Sealed/133613670070?epid=2301649792&hash=item1f1bfeceb6%3Ag%3A95oAAOSwAu5f4A2y&LH_Auction=1&LH_ItemCondition=1000","$370.00","Dec-28 18:58","17 bids","7 days","28 Dec 2020 at 5:22:56pm PST","9","",""
"Apple iPad Mini (5th Generation) 64GB, Wi-Fi, 7.9in - Silver + Free Bonus!!!","https://www.ebay.com/itm/Apple-iPad-Mini-5th-Generation-64GB-Wi-Fi-7-9in-Silver-Free-Bonus/224279909136?hash=item34381fd310%3Ag%3ASsQAAOSwne1f2NSh&LH_Auction=1&LH_ItemCondition=1000","$360.00","Dec-22 15:00","32 bids","7 days","Retracted:","13","User ID
starseller-1 (
Feedback score
1377)",""
"Apple iPad Mini (5th Generation) 64GB, Wi-Fi, 7.9in - Silver + Free Bonus!!!","https://www.ebay.com/itm/Apple-iPad-Mini-5th-Generation-64GB-Wi-Fi-7-9in-Silver-Free-Bonus/224279909136?hash=item34381fd310%3Ag%3ASsQAAOSwne1f2NSh&LH_Auction=1&LH_ItemCondition=1000","$360.00","Dec-22 15:00","32 bids","7 days","Retracted:","13","User ID
starseller-1 (
Feedback score
1377
)",""
"Apple iPad Mini (5th Generation) 64GB, Wi-Fi, 7.9in - Silver + Free Bonus!!!","https://www.ebay.com/itm/Apple-iPad-Mini-5th-Generation-64GB-Wi-Fi-7-9in-Silver-Free-Bonus/224279909136?hash=item34381fd310%3Ag%3ASsQAAOSwne1f2NSh&LH_Auction=1&LH_ItemCondition=1000","$360.00","Dec-22 15:00","32 bids","7 days","Retracted:","13","User ID
starseller-1","https://www.ebay.com/usr/starseller-1"
"Apple iPad Mini (5th Generation) 64GB, Wi-Fi, 7.9in - Silver + Free Bonus!!!","https://www.ebay.com/itm/Apple-iPad-Mini-5th-Generation-64GB-Wi-Fi-7-9in-Silver-Free-Bonus/224279909136?hash=item34381fd310%3Ag%3ASsQAAOSwne1f2NSh&LH_Auction=1&LH_ItemCondition=1000","$360.00","Dec-22 15:00","32 bids","7 days","Retracted:","13","User ID","https://www.ebay.com/usr/starseller-1"
"Apple iPad Mini (5th Generation) 64GB, Wi-Fi, 7.9in - Silver + Free Bonus!!!","https://www.ebay.com/itm/Apple-iPad-Mini-5th-Generation-64GB-Wi-Fi-7-9in-Silver-Free-Bonus/224279909136?hash=item34381fd310%3Ag%3ASsQAAOSwne1f2NSh&LH_Auction=1&LH_ItemCondition=1000","$360.00","Dec-22 15:00","32 bids","7 days","Retracted:","13","Feedback score
1377","http://feedback.ebay.com/ws/eBayISAPI.dll?ViewFeedback2&userid=starseller-1&ftab=AllFeedback&myworld=true&rt=nc&_trksid=p2545226.m2531.l4585"
"Apple iPad Mini (5th Generation) 64GB, Wi-Fi, 7.9in - Silver + Free Bonus!!!","https://www.ebay.com/itm/Apple-iPad-Mini-5th-Generation-64GB-Wi-Fi-7-9in-Silver-Free-Bonus/224279909136?hash=item34381fd310%3Ag%3ASsQAAOSwne1f2NSh&LH_Auction=1&LH_ItemCondition=1000","$360.00","Dec-22 15:00","32 bids","7 days","Retracted:","13","Feedback score","http://feedback.ebay.com/ws/eBayISAPI.dll?ViewFeedback2&userid=starseller-1&ftab=AllFeedback&myworld=true&rt=nc&_trksid=p2545226.m2531.l4585"
"Apple iPad Mini (5th Generation) 64GB, Wi-Fi, 7.9in - Silver + Free Bonus!!!","https://www.ebay.com/itm/Apple-iPad-Mini-5th-Generation-64GB-Wi-Fi-7-9in-Silver-Free-Bonus/224279909136?hash=item34381fd310%3Ag%3ASsQAAOSwne1f2NSh&LH_Auction=1&LH_ItemCondition=1000","$360.00","Dec-22 15:00","32 bids","7 days","Retracted:","13","100% positive feedback",""
"Apple iPad Mini (5th Gen) 64GB, Wi-Fi, 7.9in, Silver. New, Factory Sealed.","https://www.ebay.com/itm/Apple-iPad-Mini-5th-Gen-64GB-Wi-Fi-7-9in-Silver-New-Factory-Sealed/133613468443?hash=item1f1bfbbb1b%3Ag%3A95oAAOSwAu5f4A2y&LH_Auction=1&LH_ItemCondition=1000","$325.00","Dec-21 15:19","1 bid","","","","",""
"Apple iPad Mini (5th Generation) 64GB, Wi-Fi, 7.9in - Space Gray - New","https://www.ebay.com/itm/Apple-iPad-Mini-5th-Generation-64GB-Wi-Fi-7-9in-Space-Gray-New/174561603871?hash=item28a4aeb11f%3Ag%3A8mQAAOSwk-pf2kSB&LH_Auction=1&LH_ItemCondition=1000","$346.00","Dec-21 09:41","13 bids","","","","",""